Year,Date,Home Team,Away Team,Home Score,Away Score,Shootout,Tournament,City,Country,Neutral Venue,Winning Team,first_shooter,Losing Team
1930,1930-07-13,Belgium,United States,0.0,3.0,False,FIFA World Cup,Montevideo,Uruguay,True,United States,,Belgium
1930,1930-07-13,France,Mexico,4.0,1.0,False,FIFA World Cup,Montevideo,Uruguay,True,France,,Mexico
1930,1930-07-14,Brazil,Yugoslavia,1.0,2.0,False,FIFA World Cup,Montevideo,Uruguay,True,Yugoslavia,,Brazil
1930,1930-07-14,Peru,Romania,1.0,3.0,False,FIFA World Cup,Montevideo,Uruguay,True,Romania,,Peru
1930,1930-07-15,Argentina,France,1.0,0.0,False,FIFA World Cup,Montevideo,Uruguay,True,Argentina,,France
1930,1930-07-16,Chile,Mexico,3.0,0.0,False,FIFA World Cup,Montevideo,Uruguay,True,Chile,,Mexico
1930,1930-07-17,Bolivia,Yugoslavia,0.0,4.0,False,FIFA World Cup,Montevideo,Uruguay,True,Yugoslavia,,Bolivia
1930,1930-07-17,Paraguay,United States,0.0,3.0,False,FIFA World Cup,Montevideo,Uruguay,True,United States,,Paraguay
1930,1930-07-18,Uruguay,Peru,1.0,0.0,False,FIFA World Cup,Montevideo,Uruguay,False,Uruguay,,Peru
1930,1930-07-19,Argentina,Mexico,6.0,3.0,False,FIFA World Cup,Montevideo,Uruguay,True,Argentina,,Mexico
1930,1930-07-19,Chile,France,1.0,0.0,False,FIFA World Cup,Montevideo,Uruguay,True,Chile,,France
1930,1930-07-20,Belgium,Paraguay,0.0,1.0,False,FIFA World Cup,Montevideo,Uruguay,True,Paraguay,,Belgium
1930,1930-07-20,Bolivia,Brazil,0.0,4.0,False,FIFA World Cup,Montevideo,Uruguay,True,Brazil,,Bolivia
1930,1930-07-21,Uruguay,Romania,4.0,0.0,False,FIFA World Cup,Montevideo,Uruguay,False,Uruguay,,Romania
1930,1930-07-22,Argentina,Chile,3.0,1.0,False,FIFA World Cup,Montevideo,Uruguay,True,Argentina,,Chile
1930,1930-07-26,Argentina,United States,6.0,1.0,False,FIFA World Cup,Montevideo,Uruguay,True,Argentina,,United States
1930,1930-07-27,Uruguay,Yugoslavia,6.0,1.0,False,FIFA World Cup,Montevideo,Uruguay,False,Uruguay,,Yugoslavia
1930,1930-07-30,Uruguay,Argentina,4.0,2.0,False,FIFA World Cup,Montevideo,Uruguay,False,Uruguay,,Argentina
1934,1934-05-27,Argentina,Sweden,2.0,3.0,False,FIFA World Cup,Bologna,Italy,True,Sweden,,Argentina
1934,1934-05-27,Austria,France,3.0,2.0,False,FIFA World Cup,Turin,Italy,True,Austria,,France
1934,1934-05-27,Belgium,Germany,2.0,5.0,False,FIFA World Cup,Florence,Italy,True,Germany,,Belgium
1934,1934-05-27,Brazil,Spain,1.0,3.0,False,FIFA World Cup,Genoa,Italy,True,Spain,,Brazil
1934,1934-05-27,Czechoslovakia,Romania,2.0,1.0,False,FIFA World Cup,Trieste,Italy,True,Czechoslovakia,,Romania
1934,1934-05-27,Egypt,Hungary,2.0,4.0,False,FIFA World Cup,Naples,Italy,True,Hungary,,Egypt
1934,1934-05-27,Italy,United States,7.0,1.0,False,FIFA World Cup,Rome,Italy,False,Italy,,United States
1934,1934-05-27,Netherlands,Switzerland,2.0,3.0,False,FIFA World Cup,Milan,Italy,True,Switzerland,,Netherlands
1934,1934-05-31,Austria,Hungary,2.0,1.0,False,FIFA World Cup,Bologna,Italy,True,Austria,,Hungary
1934,1934-05-31,Czechoslovakia,Switzerland,3.0,2.0,False,FIFA World Cup,Turin,Italy,True,Czechoslovakia,,Switzerland
1934,1934-05-31,Germany,Sweden,2.0,1.0,False,FIFA World Cup,Milan,Italy,True,Germany,,Sweden
1934,1934-05-31,Italy,Spain,1.0,1.0,False,FIFA World Cup,Florence,Italy,False,Draw,,Draw
1934,1934-06-01,Italy,Spain,1.0,0.0,False,FIFA World Cup,Florence,Italy,False,Italy,,Spain
1934,1934-06-03,Czechoslovakia,Germany,3.0,1.0,False,FIFA World Cup,Rome,Italy,True,Czechoslovakia,,Germany
1934,1934-06-03,Italy,Austria,1.0,0.0,False,FIFA World Cup,Milan,Italy,False,Italy,,Austria
1934,1934-06-07,Austria,Germany,2.0,3.0,False,FIFA World Cup,Naples,Italy,True,Germany,,Austria
1934,1934-06-10,Italy,Czechoslovakia,2.0,1.0,False,FIFA World Cup,Rome,Italy,False,Italy,,Czechoslovakia
1938,1938-06-04,Germany,Switzerland,1.0,1.0,False,FIFA World Cup,Paris,France,True,Draw,,Draw
1938,1938-06-05,Brazil,Poland,6.0,5.0,False,FIFA World Cup,Strasbourg,France,True,Brazil,,Poland
1938,1938-06-05,Cuba,Romania,3.0,3.0,False,FIFA World Cup,Toulouse,France,True,Draw,,Draw
1938,1938-06-05,Czechoslovakia,Netherlands,3.0,0.0,False,FIFA World Cup,Le Havre,France,True,Czechoslovakia,,Netherlands
1938,1938-06-05,France,Belgium,3.0,1.0,False,FIFA World Cup,Colombes,France,False,France,,Belgium
1938,1938-06-05,Hungary,Indonesia,6.0,0.0,False,FIFA World Cup,Reims,France,True,Hungary,,Indonesia
1938,1938-06-05,Italy,Norway,2.0,1.0,False,FIFA World Cup,Marseille,France,True,Italy,,Norway
1938,1938-06-09,Cuba,Romania,2.0,1.0,False,FIFA World Cup,Toulouse,France,True,Cuba,,Romania
1938,1938-06-09,Germany,Switzerland,2.0,4.0,False,FIFA World Cup,Paris,France,True,Switzerland,,Germany
1938,1938-06-12,Brazil,Czechoslovakia,1.0,1.0,False,FIFA World Cup,Bordeaux,France,True,Draw,,Draw
1938,1938-06-12,Cuba,Sweden,0.0,8.0,False,FIFA World Cup,Antibes,France,True,Sweden,,Cuba
1938,1938-06-12,France,Italy,1.0,3.0,False,FIFA World Cup,Colombes,France,False,Italy,,France
1938,1938-06-12,Hungary,Switzerland,2.0,0.0,False,FIFA World Cup,Lille,France,True,Hungary,,Switzerland
1938,1938-06-14,Brazil,Czechoslovakia,2.0,1.0,False,FIFA World Cup,Bordeaux,France,True,Brazil,,Czechoslovakia
1938,1938-06-16,Brazil,Italy,1.0,2.0,False,FIFA World Cup,Marseille,France,True,Italy,,Brazil
1938,1938-06-16,Hungary,Sweden,5.0,1.0,False,FIFA World Cup,Paris,France,True,Hungary,,Sweden
1938,1938-06-19,Brazil,Sweden,4.0,2.0,False,FIFA World Cup,Bordeaux,France,True,Brazil,,Sweden
1938,1938-06-19,Hungary,Italy,2.0,4.0,False,FIFA World Cup,Colombes,France,True,Italy,,Hungary
1950,1950-06-24,Brazil,Mexico,4.0,0.0,False,FIFA World Cup,Rio de Janeiro,Brazil,False,Brazil,,Mexico
1950,1950-06-25,Chile,England,0.0,2.0,False,FIFA World Cup,Rio de Janeiro,Brazil,True,England,,Chile
1950,1950-06-25,Italy,Sweden,2.0,3.0,False,FIFA World Cup,São Paulo,Brazil,True,Sweden,,Italy
1950,1950-06-25,Spain,United States,3.0,1.0,False,FIFA World Cup,Curitiba,Brazil,True,Spain,,United States
1950,1950-06-25,Switzerland,Yugoslavia,0.0,3.0,False,FIFA World Cup,Belo Horizonte,Brazil,True,Yugoslavia,,Switzerland
1950,1950-06-28,Brazil,Switzerland,2.0,2.0,False,FIFA World Cup,São Paulo,Brazil,False,Draw,,Draw
1950,1950-06-28,Mexico,Yugoslavia,1.0,4.0,False,FIFA World Cup,Porto Alegre,Brazil,True,Yugoslavia,,Mexico
1950,1950-06-29,Chile,Spain,0.0,2.0,False,FIFA World Cup,Rio de Janeiro,Brazil,True,Spain,,Chile
1950,1950-06-29,England,United States,0.0,1.0,False,FIFA World Cup,Belo Horizonte,Brazil,True,United States,,England
1950,1950-06-29,Paraguay,Sweden,2.0,2.0,False,FIFA World Cup,Curitiba,Brazil,True,Draw,,Draw
1950,1950-07-01,Brazil,Yugoslavia,2.0,0.0,False,FIFA World Cup,Rio de Janeiro,Brazil,False,Brazil,,Yugoslavia
1950,1950-07-02,Bolivia,Uruguay,0.0,8.0,False,FIFA World Cup,Belo Horizonte,Brazil,True,Uruguay,,Bolivia
1950,1950-07-02,Chile,United States,5.0,2.0,False,FIFA World Cup,Recife,Brazil,True,Chile,,United States
1950,1950-07-02,England,Spain,0.0,1.0,False,FIFA World Cup,Rio de Janeiro,Brazil,True,Spain,,England
1950,1950-07-02,Italy,Paraguay,2.0,0.0,False,FIFA World Cup,São Paulo,Brazil,True,Italy,,Paraguay
1950,1950-07-02,Mexico,Switzerland,1.0,2.0,False,FIFA World Cup,Porto Alegre,Brazil,True,Switzerland,,Mexico
1950,1950-07-09,Brazil,Sweden,7.0,1.0,False,FIFA World Cup,Rio de Janeiro,Brazil,False,Brazil,,Sweden
1950,1950-07-09,Spain,Uruguay,2.0,2.0,False,FIFA World Cup,São Paulo,Brazil,True,Draw,,Draw
1950,1950-07-13,Brazil,Spain,6.0,1.0,False,FIFA World Cup,Rio de Janeiro,Brazil,False,Brazil,,Spain
1950,1950-07-13,Sweden,Uruguay,2.0,3.0,False,FIFA World Cup,São Paulo,Brazil,True,Uruguay,,Sweden
1950,1950-07-16,Brazil,Uruguay,1.0,2.0,False,FIFA World Cup,Rio de Janeiro,Brazil,False,Uruguay,,Brazil
1950,1950-07-16,Spain,Sweden,1.0,3.0,False,FIFA World Cup,São Paulo,Brazil,True,Sweden,,Spain
1954,1954-06-16,Austria,Scotland,1.0,0.0,False,FIFA World Cup,Zürich,Switzerland,True,Austria,,Scotland
1954,1954-06-16,Brazil,Mexico,5.0,0.0,False,FIFA World Cup,Geneva,Switzerland,True,Brazil,,Mexico
1954,1954-06-16,Czechoslovakia,Uruguay,0.0,2.0,False,FIFA World Cup,Berne,Switzerland,True,Uruguay,,Czechoslovakia
1954,1954-06-16,France,Yugoslavia,0.0,1.0,False,FIFA World Cup,Lausanne,Switzerland,True,Yugoslavia,,France
1954,1954-06-17,Belgium,England,4.0,4.0,False,FIFA World Cup,Basel,Switzerland,True,Draw,,Draw
1954,1954-06-17,Germany,Turkey,4.0,1.0,False,FIFA World Cup,Berne,Switzerland,True,Germany,,Turkey
1954,1954-06-17,Hungary,South Korea,9.0,0.0,False,FIFA World Cup,Zürich,Switzerland,True,Hungary,,South Korea
1954,1954-06-17,Switzerland,Italy,2.0,1.0,False,FIFA World Cup,Lausanne,Switzerland,False,Switzerland,,Italy
1954,1954-06-19,Austria,Czechoslovakia,5.0,0.0,False,FIFA World Cup,Zürich,Switzerland,True,Austria,,Czechoslovakia
1954,1954-06-19,Brazil,Yugoslavia,1.0,1.0,False,FIFA World Cup,Lausanne,Switzerland,True,Draw,,Draw
1954,1954-06-19,France,Mexico,3.0,2.0,False,FIFA World Cup,Geneva,Switzerland,True,France,,Mexico
1954,1954-06-19,Scotland,Uruguay,0.0,7.0,False,FIFA World Cup,Basel,Switzerland,True,Uruguay,,Scotland
1954,1954-06-20,Belgium,Italy,1.0,4.0,False,FIFA World Cup,Lugano,Switzerland,True,Italy,,Belgium
1954,1954-06-20,Germany,Hungary,3.0,8.0,False,FIFA World Cup,Basel,Switzerland,True,Hungary,,Germany
1954,1954-06-20,South Korea,Turkey,0.0,7.0,False,FIFA World Cup,Geneva,Switzerland,True,Turkey,,South Korea
1954,1954-06-20,Switzerland,England,0.0,2.0,False,FIFA World Cup,Berne,Switzerland,False,England,,Switzerland
1954,1954-06-23,Germany,Turkey,7.0,2.0,False,FIFA World Cup,Zürich,Switzerland,True,Germany,,Turkey
1954,1954-06-23,Switzerland,Italy,4.0,1.0,False,FIFA World Cup,Basel,Switzerland,False,Switzerland,,Italy
1954,1954-06-26,England,Uruguay,2.0,4.0,False,FIFA World Cup,Basel,Switzerland,True,Uruguay,,England
1954,1954-06-26,Switzerland,Austria,5.0,7.0,False,FIFA World Cup,Lausanne,Switzerland,False,Austria,,Switzerland
1954,1954-06-27,Brazil,Hungary,2.0,4.0,False,FIFA World Cup,Berne,Switzerland,True,Hungary,,Brazil
1954,1954-06-27,Germany,Yugoslavia,2.0,0.0,False,FIFA World Cup,Geneva,Switzerland,True,Germany,,Yugoslavia
1954,1954-06-30,Austria,Germany,1.0,6.0,False,FIFA World Cup,Basel,Switzerland,True,Germany,,Austria
1954,1954-06-30,Hungary,Uruguay,4.0,2.0,False,FIFA World Cup,Lausanne,Switzerland,True,Hungary,,Uruguay
1954,1954-07-03,Austria,Uruguay,3.0,1.0,False,FIFA World Cup,Zürich,Switzerland,True,Austria,,Uruguay
1954,1954-07-04,Germany,Hungary,3.0,2.0,False,FIFA World Cup,Berne,Switzerland,True,Germany,,Hungary
1958,1958-06-08,Argentina,Germany,1.0,3.0,False,FIFA World Cup,Malmö,Sweden,True,Germany,,Argentina
1958,1958-06-08,Austria,Brazil,0.0,3.0,False,FIFA World Cup,Uddevalla,Sweden,True,Brazil,,Austria
1958,1958-06-08,Czechoslovakia,Northern Ireland,0.0,1.0,False,FIFA World Cup,Halmstad,Sweden,True,Northern Ireland,,Czechoslovakia
1958,1958-06-08,England,Russia,2.0,2.0,False,FIFA World Cup,Gothenburg,Sweden,True,Draw,,Draw
1958,1958-06-08,France,Paraguay,7.0,3.0,False,FIFA World Cup,Norrköping,Sweden,True,France,,Paraguay
1958,1958-06-08,Hungary,Wales,1.0,1.0,False,FIFA World Cup,Sandviken,Sweden,True,Draw,,Draw
1958,1958-06-08,Scotland,Yugoslavia,1.0,1.0,False,FIFA World Cup,Västerås,Sweden,True,Draw,,Draw
1958,1958-06-08,Sweden,Mexico,3.0,0.0,False,FIFA World Cup,Solna,Sweden,False,Sweden,,Mexico
1958,1958-06-11,Argentina,Northern Ireland,3.0,1.0,False,FIFA World Cup,Halmstad,Sweden,True,Argentina,,Northern Ireland
1958,1958-06-11,Austria,Russia,0.0,2.0,False,FIFA World Cup,Borås,Sweden,True,Russia,,Austria
1958,1958-06-11,Brazil,England,0.0,0.0,False,FIFA World Cup,Gothenburg,Sweden,True,Draw,,Draw
1958,1958-06-11,Czechoslovakia,Germany,2.0,2.0,False,FIFA World Cup,Helsingborg,Sweden,True,Draw,,Draw
1958,1958-06-11,France,Yugoslavia,2.0,3.0,False,FIFA World Cup,Västerås,Sweden,True,Yugoslavia,,France
1958,1958-06-11,Mexico,Wales,1.0,1.0,False,FIFA World Cup,Solna,Sweden,True,Draw,,Draw
1958,1958-06-11,Paraguay,Scotland,3.0,2.0,False,FIFA World Cup,Norrköping,Sweden,True,Paraguay,,Scotland
1958,1958-06-12,Sweden,Hungary,2.0,1.0,False,FIFA World Cup,Solna,Sweden,False,Sweden,,Hungary
1958,1958-06-15,Argentina,Czechoslovakia,1.0,6.0,False,FIFA World Cup,Helsingborg,Sweden,True,Czechoslovakia,,Argentina
1958,1958-06-15,Austria,England,2.0,2.0,False,FIFA World Cup,Borås,Sweden,True,Draw,,Draw
1958,1958-06-15,Brazil,Russia,2.0,0.0,False,FIFA World Cup,Gothenburg,Sweden,True,Brazil,,Russia
1958,1958-06-15,France,Scotland,2.0,1.0,False,FIFA World Cup,Örebro,Sweden,True,France,,Scotland
1958,1958-06-15,Germany,Northern Ireland,2.0,2.0,False,FIFA World Cup,Malmö,Sweden,True,Draw,,Draw
1958,1958-06-15,Hungary,Mexico,4.0,0.0,False,FIFA World Cup,Sandviken,Sweden,True,Hungary,,Mexico
1958,1958-06-15,Paraguay,Yugoslavia,3.0,3.0,False,FIFA World Cup,Eskilstuna,Sweden,True,Draw,,Draw
1958,1958-06-15,Sweden,Wales,0.0,0.0,False,FIFA World Cup,Solna,Sweden,False,Draw,,Draw
1958,1958-06-17,Czechoslovakia,Northern Ireland,1.0,2.0,False,FIFA World Cup,Malmö,Sweden,True,Northern Ireland,,Czechoslovakia
1958,1958-06-17,England,Russia,0.0,1.0,False,FIFA World Cup,Gothenburg,Sweden,True,Russia,,England
1958,1958-06-17,Hungary,Wales,1.0,2.0,False,FIFA World Cup,Solna,Sweden,True,Wales,,Hungary
1958,1958-06-19,Brazil,Wales,1.0,0.0,False,FIFA World Cup,Gothenburg,Sweden,True,Brazil,,Wales
1958,1958-06-19,France,Northern Ireland,4.0,0.0,False,FIFA World Cup,Norrköping,Sweden,True,France,,Northern Ireland
1958,1958-06-19,Germany,Yugoslavia,1.0,0.0,False,FIFA World Cup,Malmö,Sweden,True,Germany,,Yugoslavia
1958,1958-06-19,Sweden,Russia,2.0,0.0,False,FIFA World Cup,Solna,Sweden,False,Sweden,,Russia
1958,1958-06-24,Brazil,France,5.0,2.0,False,FIFA World Cup,Solna,Sweden,True,Brazil,,France
1958,1958-06-24,Sweden,Germany,3.0,1.0,False,FIFA World Cup,Gothenburg,Sweden,False,Sweden,,Germany
1958,1958-06-28,France,Germany,6.0,3.0,False,FIFA World Cup,Gothenburg,Sweden,True,France,,Germany
1958,1958-06-29,Sweden,Brazil,2.0,5.0,False,FIFA World Cup,Solna,Sweden,False,Brazil,,Sweden
1962,1962-05-30,Argentina,Bulgaria,1.0,0.0,False,FIFA World Cup,Rancagua,Chile,True,Argentina,,Bulgaria
1962,1962-05-30,Brazil,Mexico,2.0,0.0,False,FIFA World Cup,Viña del Mar,Chile,True,Brazil,,Mexico
1962,1962-05-30,Chile,Switzerland,3.0,1.0,False,FIFA World Cup,Santiago,Chile,False,Chile,,Switzerland
1962,1962-05-30,Colombia,Uruguay,1.0,2.0,False,FIFA World Cup,Arica,Chile,True,Uruguay,,Colombia
1962,1962-05-31,Czechoslovakia,Spain,1.0,0.0,False,FIFA World Cup,Viña del Mar,Chile,True,Czechoslovakia,,Spain
1962,1962-05-31,England,Hungary,1.0,2.0,False,FIFA World Cup,Rancagua,Chile,True,Hungary,,England
1962,1962-05-31,Germany,Italy,0.0,0.0,False,FIFA World Cup,Santiago,Chile,True,Draw,,Draw
1962,1962-05-31,Russia,Yugoslavia,2.0,0.0,False,FIFA World Cup,Arica,Chile,True,Russia,,Yugoslavia
1962,1962-06-02,Argentina,England,1.0,3.0,False,FIFA World Cup,Rancagua,Chile,True,England,,Argentina
1962,1962-06-02,Brazil,Czechoslovakia,0.0,0.0,False,FIFA World Cup,Viña del Mar,Chile,True,Draw,,Draw
1962,1962-06-02,Chile,Italy,2.0,0.0,False,FIFA World Cup,Santiago,Chile,False,Chile,,Italy
1962,1962-06-02,Uruguay,Yugoslavia,1.0,3.0,False,FIFA World Cup,Arica,Chile,True,Yugoslavia,,Uruguay
1962,1962-06-03,Bulgaria,Hungary,1.0,6.0,False,FIFA World Cup,Rancagua,Chile,True,Hungary,,Bulgaria
1962,1962-06-03,Colombia,Russia,4.0,4.0,False,FIFA World Cup,Arica,Chile,True,Draw,,Draw
1962,1962-06-03,Germany,Switzerland,2.0,1.0,False,FIFA World Cup,Santiago,Chile,True,Germany,,Switzerland
1962,1962-06-03,Mexico,Spain,0.0,1.0,False,FIFA World Cup,Viña del Mar,Chile,True,Spain,,Mexico
1962,1962-06-06,Argentina,Hungary,0.0,0.0,False,FIFA World Cup,Rancagua,Chile,True,Draw,,Draw
1962,1962-06-06,Brazil,Spain,2.0,1.0,False,FIFA World Cup,Viña del Mar,Chile,True,Brazil,,Spain
1962,1962-06-06,Chile,Germany,0.0,2.0,False,FIFA World Cup,Santiago,Chile,False,Germany,,Chile
1962,1962-06-06,Russia,Uruguay,2.0,1.0,False,FIFA World Cup,Arica,Chile,True,Russia,,Uruguay
1962,1962-06-07,Bulgaria,England,0.0,0.0,False,FIFA World Cup,Rancagua,Chile,True,Draw,,Draw
1962,1962-06-07,Colombia,Yugoslavia,0.0,5.0,False,FIFA World Cup,Arica,Chile,True,Yugoslavia,,Colombia
1962,1962-06-07,Czechoslovakia,Mexico,1.0,3.0,False,FIFA World Cup,Viña del Mar,Chile,True,Mexico,,Czechoslovakia
1962,1962-06-07,Italy,Switzerland,3.0,0.0,False,FIFA World Cup,Santiago,Chile,True,Italy,,Switzerland
1962,1962-06-10,Brazil,England,3.0,1.0,False,FIFA World Cup,Viña del Mar,Chile,True,Brazil,,England
1962,1962-06-10,Chile,Russia,2.0,1.0,False,FIFA World Cup,Arica,Chile,False,Chile,,Russia
1962,1962-06-10,Czechoslovakia,Hungary,1.0,0.0,False,FIFA World Cup,Rancagua,Chile,True,Czechoslovakia,,Hungary
1962,1962-06-10,Germany,Yugoslavia,0.0,1.0,False,FIFA World Cup,Santiago,Chile,True,Yugoslavia,,Germany
1962,1962-06-13,Chile,Brazil,2.0,4.0,False,FIFA World Cup,Santiago,Chile,False,Brazil,,Chile
1962,1962-06-13,Czechoslovakia,Yugoslavia,3.0,1.0,False,FIFA World Cup,Viña del Mar,Chile,True,Czechoslovakia,,Yugoslavia
1962,1962-06-16,Chile,Yugoslavia,1.0,0.0,False,FIFA World Cup,Santiago,Chile,False,Chile,,Yugoslavia
1962,1962-06-17,Brazil,Czechoslovakia,3.0,1.0,False,FIFA World Cup,Santiago,Chile,True,Brazil,,Czechoslovakia
1966,1966-07-11,England,Uruguay,0.0,0.0,False,FIFA World Cup,London,England,False,Draw,,Draw
1966,1966-07-12,Brazil,Bulgaria,2.0,0.0,False,FIFA World Cup,Liverpool,England,True,Brazil,,Bulgaria
1966,1966-07-12,Germany,Switzerland,5.0,0.0,False,FIFA World Cup,Sheffield,England,True,Germany,,Switzerland
1966,1966-07-12,North Korea,Russia,0.0,3.0,False,FIFA World Cup,Middlesbrough,England,True,Russia,,North Korea
1966,1966-07-13,Argentina,Spain,2.0,1.0,False,FIFA World Cup,Birmingham,England,True,Argentina,,Spain
1966,1966-07-13,Chile,Italy,0.0,2.0,False,FIFA World Cup,Sunderland,England,True,Italy,,Chile
1966,1966-07-13,France,Mexico,1.0,1.0,False,FIFA World Cup,London,England,True,Draw,,Draw
1966,1966-07-13,Hungary,Portugal,1.0,3.0,False,FIFA World Cup,Manchester,England,True,Portugal,,Hungary
1966,1966-07-15,Brazil,Hungary,1.0,3.0,False,FIFA World Cup,Liverpool,England,True,Hungary,,Brazil
1966,1966-07-15,Chile,North Korea,1.0,1.0,False,FIFA World Cup,Middlesbrough,England,True,Draw,,Draw
1966,1966-07-15,France,Uruguay,1.0,2.0,False,FIFA World Cup,London,England,True,Uruguay,,France
1966,1966-07-15,Spain,Switzerland,2.0,1.0,False,FIFA World Cup,Sheffield,England,True,Spain,,Switzerland
1966,1966-07-16,Argentina,Germany,0.0,0.0,False,FIFA World Cup,Birmingham,England,True,Draw,,Draw
1966,1966-07-16,Bulgaria,Portugal,0.0,3.0,False,FIFA World Cup,Manchester,England,True,Portugal,,Bulgaria
1966,1966-07-16,England,Mexico,2.0,0.0,False,FIFA World Cup,London,England,False,England,,Mexico
1966,1966-07-16,Italy,Russia,0.0,1.0,False,FIFA World Cup,Sunderland,England,True,Russia,,Italy
1966,1966-07-19,Argentina,Switzerland,2.0,0.0,False,FIFA World Cup,Sheffield,England,True,Argentina,,Switzerland
1966,1966-07-19,Brazil,Portugal,1.0,3.0,False,FIFA World Cup,Liverpool,England,True,Portugal,,Brazil
1966,1966-07-19,Italy,North Korea,0.0,1.0,False,FIFA World Cup,Middlesbrough,England,True,North Korea,,Italy
1966,1966-07-19,Mexico,Uruguay,0.0,0.0,False,FIFA World Cup,London,England,True,Draw,,Draw
1966,1966-07-20,Bulgaria,Hungary,1.0,3.0,False,FIFA World Cup,Manchester,England,True,Hungary,,Bulgaria
1966,1966-07-20,Chile,Russia,1.0,2.0,False,FIFA World Cup,Sunderland,England,True,Russia,,Chile
1966,1966-07-20,England,France,2.0,0.0,False,FIFA World Cup,London,England,False,England,,France
1966,1966-07-20,Germany,Spain,2.0,1.0,False,FIFA World Cup,Birmingham,England,True,Germany,,Spain
1966,1966-07-23,England,Argentina,1.0,0.0,False,FIFA World Cup,London,England,False,England,,Argentina
1966,1966-07-23,Germany,Uruguay,4.0,0.0,False,FIFA World Cup,Sheffield,England,True,Germany,,Uruguay
1966,1966-07-23,Hungary,Russia,1.0,2.0,False,FIFA World Cup,Sunderland,England,True,Russia,,Hungary
1966,1966-07-23,North Korea,Portugal,3.0,5.0,False,FIFA World Cup,Liverpool,England,True,Portugal,,North Korea
1966,1966-07-25,Germany,Russia,2.0,1.0,False,FIFA World Cup,Liverpool,England,True,Germany,,Russia
1966,1966-07-26,England,Portugal,2.0,1.0,False,FIFA World Cup,London,England,False,England,,Portugal
1966,1966-07-28,Portugal,Russia,2.0,1.0,False,FIFA World Cup,London,England,True,Portugal,,Russia
1966,1966-07-30,England,Germany,4.0,2.0,False,FIFA World Cup,London,England,False,England,,Germany
1970,1970-05-31,Mexico,Russia,0.0,0.0,False,FIFA World Cup,Mexico City,Mexico,False,Draw,,Draw
1970,1970-06-02,Bulgaria,Peru,2.0,3.0,False,FIFA World Cup,León,Mexico,True,Peru,,Bulgaria
1970,1970-06-02,England,Romania,1.0,0.0,False,FIFA World Cup,Guadalajara,Mexico,True,England,,Romania
1970,1970-06-02,Israel,Uruguay,0.0,2.0,False,FIFA World Cup,Puebla,Mexico,True,Uruguay,,Israel
1970,1970-06-03,Belgium,El Salvador,3.0,0.0,False,FIFA World Cup,Mexico City,Mexico,True,Belgium,,El Salvador
1970,1970-06-03,Brazil,Czechoslovakia,4.0,1.0,False,FIFA World Cup,Guadalajara,Mexico,True,Brazil,,Czechoslovakia
1970,1970-06-03,Germany,Morocco,2.0,1.0,False,FIFA World Cup,León,Mexico,True,Germany,,Morocco
1970,1970-06-03,Italy,Sweden,1.0,0.0,False,FIFA World Cup,Toluca,Mexico,True,Italy,,Sweden
1970,1970-06-06,Belgium,Russia,1.0,4.0,False,FIFA World Cup,Mexico City,Mexico,True,Russia,,Belgium
1970,1970-06-06,Czechoslovakia,Romania,1.0,2.0,False,FIFA World Cup,Guadalajara,Mexico,True,Romania,,Czechoslovakia
1970,1970-06-06,Italy,Uruguay,0.0,0.0,False,FIFA World Cup,Puebla,Mexico,True,Draw,,Draw
1970,1970-06-06,Morocco,Peru,0.0,3.0,False,FIFA World Cup,León,Mexico,True,Peru,,Morocco
1970,1970-06-07,Brazil,England,1.0,0.0,False,FIFA World Cup,Guadalajara,Mexico,True,Brazil,,England
1970,1970-06-07,Bulgaria,Germany,2.0,5.0,False,FIFA World Cup,León,Mexico,True,Germany,,Bulgaria
1970,1970-06-07,Israel,Sweden,1.0,1.0,False,FIFA World Cup,Toluca,Mexico,True,Draw,,Draw
1970,1970-06-07,Mexico,El Salvador,4.0,0.0,False,FIFA World Cup,Mexico City,Mexico,False,Mexico,,El Salvador
1970,1970-06-10,Brazil,Romania,3.0,2.0,False,FIFA World Cup,Guadalajara,Mexico,True,Brazil,,Romania
1970,1970-06-10,El Salvador,Russia,0.0,2.0,False,FIFA World Cup,Mexico City,Mexico,True,Russia,,El Salvador
1970,1970-06-10,Germany,Peru,3.0,1.0,False,FIFA World Cup,León,Mexico,True,Germany,,Peru
1970,1970-06-10,Sweden,Uruguay,1.0,0.0,False,FIFA World Cup,Puebla,Mexico,True,Sweden,,Uruguay
1970,1970-06-11,Bulgaria,Morocco,1.0,1.0,False,FIFA World Cup,León,Mexico,True,Draw,,Draw
1970,1970-06-11,Czechoslovakia,England,0.0,1.0,False,FIFA World Cup,Guadalajara,Mexico,True,England,,Czechoslovakia
1970,1970-06-11,Israel,Italy,0.0,0.0,False,FIFA World Cup,Toluca,Mexico,True,Draw,,Draw
1970,1970-06-11,Mexico,Belgium,1.0,0.0,False,FIFA World Cup,Mexico City,Mexico,False,Mexico,,Belgium
1970,1970-06-14,Brazil,Peru,4.0,2.0,False,FIFA World Cup,Guadalajara,Mexico,True,Brazil,,Peru
1970,1970-06-14,England,Germany,2.0,3.0,False,FIFA World Cup,León,Mexico,True,Germany,,England
1970,1970-06-14,Mexico,Italy,1.0,4.0,False,FIFA World Cup,Toluca,Mexico,False,Italy,,Mexico
1970,1970-06-14,Russia,Uruguay,0.0,1.0,False,FIFA World Cup,Mexico City,Mexico,True,Uruguay,,Russia
1970,1970-06-17,Brazil,Uruguay,3.0,1.0,False,FIFA World Cup,Guadalajara,Mexico,True,Brazil,,Uruguay
1970,1970-06-17,Germany,Italy,3.0,4.0,False,FIFA World Cup,Mexico City,Mexico,True,Italy,,Germany
1970,1970-06-20,Germany,Uruguay,1.0,0.0,False,FIFA World Cup,Mexico City,Mexico,True,Germany,,Uruguay
1970,1970-06-21,Brazil,Italy,4.0,1.0,False,FIFA World Cup,Mexico City,Mexico,True,Brazil,,Italy
1974,1974-06-13,Brazil,Yugoslavia,0.0,0.0,False,FIFA World Cup,Frankfurt am Main,Germany,True,Draw,,Draw
1974,1974-06-14,DR Congo,Scotland,0.0,2.0,False,FIFA World Cup,Dortmund,Germany,True,Scotland,,DR Congo
1974,1974-06-14,German DR,Australia,2.0,0.0,False,FIFA World Cup,Hamburg,Germany,True,German DR,,Australia
1974,1974-06-14,Germany,Chile,1.0,0.0,False,FIFA World Cup,Berlin,Germany,False,Germany,,Chile
1974,1974-06-15,Italy,Haiti,3.0,1.0,False,FIFA World Cup,Munich,Germany,True,Italy,,Haiti
1974,1974-06-15,Poland,Argentina,3.0,2.0,False,FIFA World Cup,Stuttgart,Germany,True,Poland,,Argentina
1974,1974-06-15,Sweden,Bulgaria,0.0,0.0,False,FIFA World Cup,Düsseldorf,Germany,True,Draw,,Draw
1974,1974-06-15,Uruguay,Netherlands,0.0,2.0,False,FIFA World Cup,Hanover,Germany,True,Netherlands,,Uruguay
1974,1974-06-18,Chile,German DR,1.0,1.0,False,FIFA World Cup,Berlin,Germany,True,Draw,,Draw
1974,1974-06-18,Germany,Australia,3.0,0.0,False,FIFA World Cup,Hamburg,Germany,False,Germany,,Australia
1974,1974-06-18,Scotland,Brazil,0.0,0.0,False,FIFA World Cup,Frankfurt am Main,Germany,True,Draw,,Draw
1974,1974-06-18,Yugoslavia,DR Congo,9.0,0.0,False,FIFA World Cup,Gelsenkirchen,Germany,True,Yugoslavia,,DR Congo
1974,1974-06-19,Argentina,Italy,1.0,1.0,False,FIFA World Cup,Stuttgart,Germany,True,Draw,,Draw
1974,1974-06-19,Bulgaria,Uruguay,1.0,1.0,False,FIFA World Cup,Hanover,Germany,True,Draw,,Draw
1974,1974-06-19,Haiti,Poland,0.0,7.0,False,FIFA World Cup,Munich,Germany,True,Poland,,Haiti
1974,1974-06-19,Netherlands,Sweden,0.0,0.0,False,FIFA World Cup,Dortmund,Germany,True,Draw,,Draw
1974,1974-06-22,Australia,Chile,0.0,0.0,False,FIFA World Cup,Berlin,Germany,True,Draw,,Draw
1974,1974-06-22,DR Congo,Brazil,0.0,3.0,False,FIFA World Cup,Gelsenkirchen,Germany,True,Brazil,,DR Congo
1974,1974-06-22,Germany,German DR,0.0,1.0,False,FIFA World Cup,Hamburg,Germany,False,German DR,,Germany
1974,1974-06-22,Scotland,Yugoslavia,1.0,1.0,False,FIFA World Cup,Frankfurt am Main,Germany,True,Draw,,Draw
1974,1974-06-23,Argentina,Haiti,4.0,1.0,False,FIFA World Cup,Munich,Germany,True,Argentina,,Haiti
1974,1974-06-23,Bulgaria,Netherlands,1.0,4.0,False,FIFA World Cup,Dortmund,Germany,True,Netherlands,,Bulgaria
1974,1974-06-23,Poland,Italy,2.0,1.0,False,FIFA World Cup,Stuttgart,Germany,True,Poland,,Italy
1974,1974-06-23,Sweden,Uruguay,3.0,0.0,False,FIFA World Cup,Düsseldorf,Germany,True,Sweden,,Uruguay
1974,1974-06-26,Brazil,German DR,1.0,0.0,False,FIFA World Cup,Hanover,Germany,True,Brazil,,German DR
1974,1974-06-26,Germany,Yugoslavia,2.0,0.0,False,FIFA World Cup,Düsseldorf,Germany,False,Germany,,Yugoslavia
1974,1974-06-26,Netherlands,Argentina,4.0,0.0,False,FIFA World Cup,Gelsenkirchen,Germany,True,Netherlands,,Argentina
1974,1974-06-26,Sweden,Poland,0.0,1.0,False,FIFA World Cup,Stuttgart,Germany,True,Poland,,Sweden
1974,1974-06-30,Argentina,Brazil,1.0,2.0,False,FIFA World Cup,Hanover,Germany,True,Brazil,,Argentina
1974,1974-06-30,German DR,Netherlands,0.0,2.0,False,FIFA World Cup,Gelsenkirchen,Germany,True,Netherlands,,German DR
1974,1974-06-30,Germany,Sweden,4.0,2.0,False,FIFA World Cup,Düsseldorf,Germany,False,Germany,,Sweden
1974,1974-06-30,Poland,Yugoslavia,2.0,1.0,False,FIFA World Cup,Frankfurt am Main,Germany,True,Poland,,Yugoslavia
1974,1974-07-03,Argentina,German DR,1.0,1.0,False,FIFA World Cup,Gelsenkirchen,Germany,True,Draw,,Draw
1974,1974-07-03,Germany,Poland,1.0,0.0,False,FIFA World Cup,Frankfurt am Main,Germany,False,Germany,,Poland
1974,1974-07-03,Netherlands,Brazil,2.0,0.0,False,FIFA World Cup,Dortmund,Germany,True,Netherlands,,Brazil
1974,1974-07-03,Sweden,Yugoslavia,2.0,1.0,False,FIFA World Cup,Düsseldorf,Germany,True,Sweden,,Yugoslavia
1974,1974-07-06,Brazil,Poland,0.0,1.0,False,FIFA World Cup,Munich,Germany,True,Poland,,Brazil
1974,1974-07-07,Germany,Netherlands,2.0,1.0,False,FIFA World Cup,Munich,Germany,False,Germany,,Netherlands
1978,1978-06-01,Germany,Poland,0.0,0.0,False,FIFA World Cup,Buenos Aires,Argentina,True,Draw,,Draw
1978,1978-06-02,Argentina,Hungary,2.0,1.0,False,FIFA World Cup,Buenos Aires,Argentina,False,Argentina,,Hungary
1978,1978-06-02,France,Italy,1.0,2.0,False,FIFA World Cup,Mar del Plata,Argentina,True,Italy,,France
1978,1978-06-02,Mexico,Tunisia,1.0,3.0,False,FIFA World Cup,Rosario,Argentina,True,Tunisia,,Mexico
1978,1978-06-03,Austria,Spain,2.0,1.0,False,FIFA World Cup,Buenos Aires,Argentina,True,Austria,,Spain
1978,1978-06-03,Brazil,Sweden,1.0,1.0,False,FIFA World Cup,Mar del Plata,Argentina,True,Draw,,Draw
1978,1978-06-03,Iran,Netherlands,0.0,3.0,False,FIFA World Cup,Mendoza,Argentina,True,Netherlands,,Iran
1978,1978-06-03,Peru,Scotland,3.0,1.0,False,FIFA World Cup,Córdoba,Argentina,True,Peru,,Scotland
1978,1978-06-06,Argentina,France,2.0,1.0,False,FIFA World Cup,Buenos Aires,Argentina,False,Argentina,,France
1978,1978-06-06,Germany,Mexico,6.0,0.0,False,FIFA World Cup,Córdoba,Argentina,True,Germany,,Mexico
1978,1978-06-06,Hungary,Italy,1.0,3.0,False,FIFA World Cup,Mar del Plata,Argentina,True,Italy,,Hungary
1978,1978-06-06,Poland,Tunisia,1.0,0.0,False,FIFA World Cup,Rosario,Argentina,True,Poland,,Tunisia
1978,1978-06-07,Austria,Sweden,1.0,0.0,False,FIFA World Cup,Buenos Aires,Argentina,True,Austria,,Sweden
1978,1978-06-07,Brazil,Spain,0.0,0.0,False,FIFA World Cup,Mar del Plata,Argentina,True,Draw,,Draw
1978,1978-06-07,Iran,Scotland,1.0,1.0,False,FIFA World Cup,Córdoba,Argentina,True,Draw,,Draw
1978,1978-06-07,Netherlands,Peru,0.0,0.0,False,FIFA World Cup,Mendoza,Argentina,True,Draw,,Draw
1978,1978-06-10,Argentina,Italy,0.0,1.0,False,FIFA World Cup,Buenos Aires,Argentina,False,Italy,,Argentina
1978,1978-06-10,France,Hungary,3.0,1.0,False,FIFA World Cup,Mar del Plata,Argentina,True,France,,Hungary
1978,1978-06-10,Germany,Tunisia,0.0,0.0,False,FIFA World Cup,Córdoba,Argentina,True,Draw,,Draw
1978,1978-06-10,Mexico,Poland,1.0,3.0,False,FIFA World Cup,Rosario,Argentina,True,Poland,,Mexico
1978,1978-06-11,Austria,Brazil,0.0,1.0,False,FIFA World Cup,Mar del Plata,Argentina,True,Brazil,,Austria
1978,1978-06-11,Iran,Peru,1.0,4.0,False,FIFA World Cup,Córdoba,Argentina,True,Peru,,Iran
1978,1978-06-11,Netherlands,Scotland,2.0,3.0,False,FIFA World Cup,Mendoza,Argentina,True,Scotland,,Netherlands
1978,1978-06-11,Spain,Sweden,1.0,0.0,False,FIFA World Cup,Buenos Aires,Argentina,True,Spain,,Sweden
1978,1978-06-14,Argentina,Poland,2.0,0.0,False,FIFA World Cup,Rosario,Argentina,False,Argentina,,Poland
1978,1978-06-14,Austria,Netherlands,1.0,5.0,False,FIFA World Cup,Córdoba,Argentina,True,Netherlands,,Austria
1978,1978-06-14,Brazil,Peru,3.0,0.0,False,FIFA World Cup,Mendoza,Argentina,True,Brazil,,Peru
1978,1978-06-14,Germany,Italy,0.0,0.0,False,FIFA World Cup,Buenos Aires,Argentina,True,Draw,,Draw
1978,1978-06-18,Argentina,Brazil,0.0,0.0,False,FIFA World Cup,Rosario,Argentina,False,Draw,,Draw
1978,1978-06-18,Austria,Italy,0.0,1.0,False,FIFA World Cup,Buenos Aires,Argentina,True,Italy,,Austria
1978,1978-06-18,Germany,Netherlands,2.0,2.0,False,FIFA World Cup,Córdoba,Argentina,True,Draw,,Draw
1978,1978-06-18,Peru,Poland,0.0,1.0,False,FIFA World Cup,Mendoza,Argentina,True,Poland,,Peru
1978,1978-06-21,Argentina,Peru,6.0,0.0,False,FIFA World Cup,Rosario,Argentina,False,Argentina,,Peru
1978,1978-06-21,Austria,Germany,3.0,2.0,False,FIFA World Cup,Córdoba,Argentina,True,Austria,,Germany
1978,1978-06-21,Brazil,Poland,3.0,1.0,False,FIFA World Cup,Mendoza,Argentina,True,Brazil,,Poland
1978,1978-06-21,Italy,Netherlands,1.0,2.0,False,FIFA World Cup,Buenos Aires,Argentina,True,Netherlands,,Italy
1978,1978-06-24,Brazil,Italy,2.0,1.0,False,FIFA World Cup,Buenos Aires,Argentina,True,Brazil,,Italy
1978,1978-06-25,Argentina,Netherlands,3.0,1.0,False,FIFA World Cup,Buenos Aires,Argentina,False,Argentina,,Netherlands
1982,1982-06-13,Argentina,Belgium,0.0,1.0,False,FIFA World Cup,Barcelona,Spain,True,Belgium,,Argentina
1982,1982-06-14,Brazil,Russia,2.0,1.0,False,FIFA World Cup,Seville,Spain,True,Brazil,,Russia
1982,1982-06-14,Italy,Poland,0.0,0.0,False,FIFA World Cup,Vigo,Spain,True,Draw,,Draw
1982,1982-06-15,Hungary,El Salvador,10.0,1.0,False,FIFA World Cup,Elche,Spain,True,Hungary,,El Salvador
1982,1982-06-15,Peru,Cameroon,0.0,0.0,False,FIFA World Cup,La Coruña,Spain,True,Draw,,Draw
1982,1982-06-15,Scotland,New Zealand,5.0,2.0,False,FIFA World Cup,Málaga,Spain,True,Scotland,,New Zealand
1982,1982-06-16,England,France,3.0,1.0,False,FIFA World Cup,Bilbao,Spain,True,England,,France
1982,1982-06-16,Germany,Algeria,1.0,2.0,False,FIFA World Cup,Gijón,Spain,True,Algeria,,Germany
1982,1982-06-16,Spain,Honduras,1.0,1.0,False,FIFA World Cup,Valencia,Spain,False,Draw,,Draw
1982,1982-06-17,Chile,Austria,0.0,1.0,False,FIFA World Cup,Oviedo,Spain,True,Austria,,Chile
1982,1982-06-17,Czechoslovakia,Kuwait,1.0,1.0,False,FIFA World Cup,Valladolid,Spain,True,Draw,,Draw
1982,1982-06-17,Yugoslavia,Northern Ireland,0.0,0.0,False,FIFA World Cup,Zaragoza,Spain,True,Draw,,Draw
1982,1982-06-18,Argentina,Hungary,4.0,1.0,False,FIFA World Cup,Alicante,Spain,True,Argentina,,Hungary
1982,1982-06-18,Brazil,Scotland,4.0,1.0,False,FIFA World Cup,Seville,Spain,True,Brazil,,Scotland
1982,1982-06-18,Italy,Peru,1.0,1.0,False,FIFA World Cup,Vigo,Spain,True,Draw,,Draw
1982,1982-06-19,Belgium,El Salvador,1.0,0.0,False,FIFA World Cup,Elche,Spain,True,Belgium,,El Salvador
1982,1982-06-19,Poland,Cameroon,0.0,0.0,False,FIFA World Cup,La Coruña,Spain,True,Draw,,Draw
1982,1982-06-19,Russia,New Zealand,3.0,0.0,False,FIFA World Cup,Málaga,Spain,True,Russia,,New Zealand
1982,1982-06-20,England,Czechoslovakia,2.0,0.0,False,FIFA World Cup,Bilbao,Spain,True,England,,Czechoslovakia
1982,1982-06-20,Germany,Chile,4.0,1.0,False,FIFA World Cup,Gijón,Spain,True,Germany,,Chile
1982,1982-06-20,Spain,Yugoslavia,2.0,1.0,False,FIFA World Cup,Valencia,Spain,False,Spain,,Yugoslavia
1982,1982-06-21,Algeria,Austria,0.0,2.0,False,FIFA World Cup,Oviedo,Spain,True,Austria,,Algeria
1982,1982-06-21,France,Kuwait,4.0,1.0,False,FIFA World Cup,Valladolid,Spain,True,France,,Kuwait
1982,1982-06-21,Honduras,Northern Ireland,1.0,1.0,False,FIFA World Cup,Zaragoza,Spain,True,Draw,,Draw
1982,1982-06-22,Belgium,Hungary,1.0,1.0,False,FIFA World Cup,Elche,Spain,True,Draw,,Draw
1982,1982-06-22,Poland,Peru,5.0,1.0,False,FIFA World Cup,La Coruña,Spain,True,Poland,,Peru
1982,1982-06-22,Russia,Scotland,2.0,2.0,False,FIFA World Cup,Málaga,Spain,True,Draw,,Draw
1982,1982-06-23,Argentina,El Salvador,2.0,0.0,False,FIFA World Cup,Alicante,Spain,True,Argentina,,El Salvador
1982,1982-06-23,Brazil,New Zealand,4.0,0.0,False,FIFA World Cup,Seville,Spain,True,Brazil,,New Zealand
1982,1982-06-23,Italy,Cameroon,1.0,1.0,False,FIFA World Cup,Vigo,Spain,True,Draw,,Draw
1982,1982-06-24,Algeria,Chile,3.0,2.0,False,FIFA World Cup,Oviedo,Spain,True,Algeria,,Chile
1982,1982-06-24,France,Czechoslovakia,1.0,1.0,False,FIFA World Cup,Valladolid,Spain,True,Draw,,Draw
1982,1982-06-24,Honduras,Yugoslavia,0.0,1.0,False,FIFA World Cup,Zaragoza,Spain,True,Yugoslavia,,Honduras
1982,1982-06-25,England,Kuwait,1.0,0.0,False,FIFA World Cup,Bilbao,Spain,True,England,,Kuwait
1982,1982-06-25,Germany,Austria,1.0,0.0,False,FIFA World Cup,Gijón,Spain,True,Germany,,Austria
1982,1982-06-25,Spain,Northern Ireland,0.0,1.0,False,FIFA World Cup,Valencia,Spain,False,Northern Ireland,,Spain
1982,1982-06-28,Austria,France,0.0,1.0,False,FIFA World Cup,Madrid,Spain,True,France,,Austria
1982,1982-06-28,Poland,Belgium,3.0,0.0,False,FIFA World Cup,Barcelona,Spain,True,Poland,,Belgium
1982,1982-06-29,Germany,England,0.0,0.0,False,FIFA World Cup,Madrid,Spain,True,Draw,,Draw
1982,1982-06-29,Italy,Argentina,2.0,1.0,False,FIFA World Cup,Barcelona,Spain,True,Italy,,Argentina
1982,1982-07-01,Austria,Northern Ireland,2.0,2.0,False,FIFA World Cup,Madrid,Spain,True,Draw,,Draw
1982,1982-07-01,Belgium,Russia,0.0,1.0,False,FIFA World Cup,Barcelona,Spain,True,Russia,,Belgium
1982,1982-07-02,Argentina,Brazil,1.0,3.0,False,FIFA World Cup,Barcelona,Spain,True,Brazil,,Argentina
1982,1982-07-02,Spain,Germany,1.0,2.0,False,FIFA World Cup,Madrid,Spain,False,Germany,,Spain
1982,1982-07-04,France,Northern Ireland,4.0,1.0,False,FIFA World Cup,Madrid,Spain,True,France,,Northern Ireland
1982,1982-07-04,Poland,Russia,0.0,0.0,False,FIFA World Cup,Barcelona,Spain,True,Draw,,Draw
1982,1982-07-05,Italy,Brazil,3.0,2.0,False,FIFA World Cup,Barcelona,Spain,True,Italy,,Brazil
1982,1982-07-05,Spain,England,0.0,0.0,False,FIFA World Cup,Madrid,Spain,False,Draw,,Draw
1982,1982-07-08,Germany,France,3.0,3.0,True,FIFA World Cup,Seville,Spain,True,Germany,France,France
1982,1982-07-08,Poland,Italy,0.0,2.0,False,FIFA World Cup,Barcelona,Spain,True,Italy,,Poland
1982,1982-07-10,Poland,France,3.0,2.0,False,FIFA World Cup,Alicante,Spain,True,Poland,,France
1982,1982-07-11,Italy,Germany,3.0,1.0,False,FIFA World Cup,Madrid,Spain,True,Italy,,Germany
1986,1986-05-31,Bulgaria,Italy,1.0,1.0,False,FIFA World Cup,Mexico City,Mexico,True,Draw,,Draw
1986,1986-06-01,Canada,France,0.0,1.0,False,FIFA World Cup,León,Mexico,True,France,,Canada
1986,1986-06-01,Spain,Brazil,0.0,1.0,False,FIFA World Cup,Guadalajara,Mexico,True,Brazil,,Spain
1986,1986-06-02,Argentina,South Korea,3.0,1.0,False,FIFA World Cup,Mexico City,Mexico,True,Argentina,,South Korea
1986,1986-06-02,Morocco,Poland,0.0,0.0,False,FIFA World Cup,Monterrey,Mexico,True,Draw,,Draw
1986,1986-06-02,Russia,Hungary,6.0,0.0,False,FIFA World Cup,Irapuato,Mexico,True,Russia,,Hungary
1986,1986-06-03,Algeria,Northern Ireland,1.0,1.0,False,FIFA World Cup,Guadalajara,Mexico,True,Draw,,Draw
1986,1986-06-03,Mexico,Belgium,2.0,1.0,False,FIFA World Cup,Mexico City,Mexico,False,Mexico,,Belgium
1986,1986-06-03,Portugal,England,1.0,0.0,False,FIFA World Cup,Monterrey,Mexico,True,Portugal,,England
1986,1986-06-04,Paraguay,Iraq,1.0,0.0,False,FIFA World Cup,Toluca,Mexico,True,Paraguay,,Iraq
1986,1986-06-04,Scotland,Denmark,0.0,1.0,False,FIFA World Cup,Nezahualcóyotl,Mexico,True,Denmark,,Scotland
1986,1986-06-04,Uruguay,Germany,1.0,1.0,False,FIFA World Cup,Querétaro,Mexico,True,Draw,,Draw
1986,1986-06-05,France,Russia,1.0,1.0,False,FIFA World Cup,León,Mexico,True,Draw,,Draw
1986,1986-06-05,Italy,Argentina,1.0,1.0,False,FIFA World Cup,Puebla,Mexico,True,Draw,,Draw
1986,1986-06-05,South Korea,Bulgaria,1.0,1.0,False,FIFA World Cup,Mexico City,Mexico,True,Draw,,Draw
1986,1986-06-06,Brazil,Algeria,1.0,0.0,False,FIFA World Cup,Guadalajara,Mexico,True,Brazil,,Algeria
1986,1986-06-06,England,Morocco,0.0,0.0,False,FIFA World Cup,Monterrey,Mexico,True,Draw,,Draw
1986,1986-06-06,Hungary,Canada,2.0,0.0,False,FIFA World Cup,Irapuato,Mexico,True,Hungary,,Canada
1986,1986-06-07,Mexico,Paraguay,1.0,1.0,False,FIFA World Cup,Mexico City,Mexico,False,Draw,,Draw
1986,1986-06-07,Northern Ireland,Spain,1.0,2.0,False,FIFA World Cup,Guadalajara,Mexico,True,Spain,,Northern Ireland
1986,1986-06-07,Poland,Portugal,1.0,0.0,False,FIFA World Cup,Monterrey,Mexico,True,Poland,,Portugal
1986,1986-06-08,Denmark,Uruguay,6.0,1.0,False,FIFA World Cup,Nezahualcóyotl,Mexico,True,Denmark,,Uruguay
1986,1986-06-08,Germany,Scotland,2.0,1.0,False,FIFA World Cup,Querétaro,Mexico,True,Germany,,Scotland
1986,1986-06-08,Iraq,Belgium,1.0,2.0,False,FIFA World Cup,Toluca,Mexico,True,Belgium,,Iraq
1986,1986-06-09,Hungary,France,0.0,3.0,False,FIFA World Cup,León,Mexico,True,France,,Hungary
1986,1986-06-09,Russia,Canada,2.0,0.0,False,FIFA World Cup,Irapuato,Mexico,True,Russia,,Canada
1986,1986-06-10,Argentina,Bulgaria,2.0,0.0,False,FIFA World Cup,Mexico City,Mexico,True,Argentina,,Bulgaria
1986,1986-06-10,South Korea,Italy,2.0,3.0,False,FIFA World Cup,Puebla,Mexico,True,Italy,,South Korea
1986,1986-06-11,England,Poland,3.0,0.0,False,FIFA World Cup,Monterrey,Mexico,True,England,,Poland
1986,1986-06-11,Mexico,Iraq,1.0,0.0,False,FIFA World Cup,Mexico City,Mexico,False,Mexico,,Iraq
1986,1986-06-11,Paraguay,Belgium,2.0,2.0,False,FIFA World Cup,Toluca,Mexico,True,Draw,,Draw
1986,1986-06-11,Portugal,Morocco,1.0,3.0,False,FIFA World Cup,Guadalajara,Mexico,True,Morocco,,Portugal
1986,1986-06-12,Algeria,Spain,0.0,3.0,False,FIFA World Cup,Monterrey,Mexico,True,Spain,,Algeria
1986,1986-06-12,Northern Ireland,Brazil,0.0,3.0,False,FIFA World Cup,Guadalajara,Mexico,True,Brazil,,Northern Ireland
1986,1986-06-13,Denmark,Germany,2.0,0.0,False,FIFA World Cup,Querétaro,Mexico,True,Denmark,,Germany
1986,1986-06-13,Scotland,Uruguay,0.0,0.0,False,FIFA World Cup,Nezahualcóyotl,Mexico,True,Draw,,Draw
1986,1986-06-15,Mexico,Bulgaria,2.0,0.0,False,FIFA World Cup,Mexico City,Mexico,False,Mexico,,Bulgaria
1986,1986-06-15,Russia,Belgium,3.0,4.0,False,FIFA World Cup,León,Mexico,True,Belgium,,Russia
1986,1986-06-16,Argentina,Uruguay,1.0,0.0,False,FIFA World Cup,Puebla,Mexico,True,Argentina,,Uruguay
1986,1986-06-16,Brazil,Poland,4.0,0.0,False,FIFA World Cup,Guadalajara,Mexico,True,Brazil,,Poland
1986,1986-06-17,Italy,France,0.0,2.0,False,FIFA World Cup,Mexico City,Mexico,True,France,,Italy
1986,1986-06-17,Morocco,Germany,0.0,1.0,False,FIFA World Cup,Monterrey,Mexico,True,Germany,,Morocco
1986,1986-06-18,Denmark,Spain,1.0,5.0,False,FIFA World Cup,Querétaro,Mexico,True,Spain,,Denmark
1986,1986-06-18,England,Paraguay,3.0,0.0,False,FIFA World Cup,Mexico City,Mexico,True,England,,Paraguay
1986,1986-06-21,Brazil,France,1.0,1.0,True,FIFA World Cup,Guadalajara,Mexico,True,France,Brazil,Brazil
1986,1986-06-21,Mexico,Germany,0.0,0.0,True,FIFA World Cup,Monterrey,Mexico,False,Germany,Germany,Mexico
1986,1986-06-22,Argentina,England,2.0,1.0,False,FIFA World Cup,Mexico City,Mexico,True,Argentina,,England
1986,1986-06-22,Spain,Belgium,1.0,1.0,True,FIFA World Cup,Puebla,Mexico,True,Belgium,Spain,Spain
1986,1986-06-25,Argentina,Belgium,2.0,0.0,False,FIFA World Cup,Mexico City,Mexico,True,Argentina,,Belgium
1986,1986-06-25,France,Germany,0.0,2.0,False,FIFA World Cup,Guadalajara,Mexico,True,Germany,,France
1986,1986-06-28,France,Belgium,4.0,2.0,False,FIFA World Cup,Puebla,Mexico,True,France,,Belgium
1986,1986-06-29,Argentina,Germany,3.0,2.0,False,FIFA World Cup,Mexico City,Mexico,True,Argentina,,Germany
1990,1990-06-08,Argentina,Cameroon,0.0,1.0,False,FIFA World Cup,Milan,Italy,True,Cameroon,,Argentina
1990,1990-06-09,Italy,Austria,1.0,0.0,False,FIFA World Cup,Rome,Italy,False,Italy,,Austria
1990,1990-06-09,Russia,Romania,0.0,2.0,False,FIFA World Cup,Bari,Italy,True,Romania,,Russia
1990,1990-06-09,United Arab Emirates,Colombia,0.0,2.0,False,FIFA World Cup,Bologna,Italy,True,Colombia,,United Arab Emirates
1990,1990-06-10,Brazil,Sweden,2.0,1.0,False,FIFA World Cup,Turin,Italy,True,Brazil,,Sweden
1990,1990-06-10,Germany,Yugoslavia,4.0,1.0,False,FIFA World Cup,Milan,Italy,True,Germany,,Yugoslavia
1990,1990-06-10,United States,Czechoslovakia,1.0,5.0,False,FIFA World Cup,Florence,Italy,True,Czechoslovakia,,United States
1990,1990-06-11,Costa Rica,Scotland,1.0,0.0,False,FIFA World Cup,Genoa,Italy,True,Costa Rica,,Scotland
1990,1990-06-11,England,Republic of Ireland,1.0,1.0,False,FIFA World Cup,Cagliari,Italy,True,Draw,,Draw
1990,1990-06-12,Belgium,South Korea,2.0,0.0,False,FIFA World Cup,Verona,Italy,True,Belgium,,South Korea
1990,1990-06-12,Netherlands,Egypt,1.0,1.0,False,FIFA World Cup,Palermo,Italy,True,Draw,,Draw
1990,1990-06-13,Argentina,Russia,2.0,0.0,False,FIFA World Cup,Naples,Italy,True,Argentina,,Russia
1990,1990-06-13,Uruguay,Spain,0.0,0.0,False,FIFA World Cup,Udine,Italy,True,Draw,,Draw
1990,1990-06-14,Cameroon,Romania,2.0,1.0,False,FIFA World Cup,Bari,Italy,True,Cameroon,,Romania
1990,1990-06-14,Italy,United States,1.0,0.0,False,FIFA World Cup,Rome,Italy,False,Italy,,United States
1990,1990-06-14,Yugoslavia,Colombia,1.0,0.0,False,FIFA World Cup,Bologna,Italy,True,Yugoslavia,,Colombia
1990,1990-06-15,Austria,Czechoslovakia,0.0,1.0,False,FIFA World Cup,Florence,Italy,True,Czechoslovakia,,Austria
1990,1990-06-15,Germany,United Arab Emirates,5.0,1.0,False,FIFA World Cup,Milan,Italy,True,Germany,,United Arab Emirates
1990,1990-06-16,Brazil,Costa Rica,1.0,0.0,False,FIFA World Cup,Turin,Italy,True,Brazil,,Costa Rica
1990,1990-06-16,England,Netherlands,0.0,0.0,False,FIFA World Cup,Cagliari,Italy,True,Draw,,Draw
1990,1990-06-16,Sweden,Scotland,1.0,2.0,False,FIFA World Cup,Genoa,Italy,True,Scotland,,Sweden
1990,1990-06-17,Belgium,Uruguay,3.0,1.0,False,FIFA World Cup,Verona,Italy,True,Belgium,,Uruguay
1990,1990-06-17,Republic of Ireland,Egypt,0.0,0.0,False,FIFA World Cup,Palermo,Italy,True,Draw,,Draw
1990,1990-06-17,South Korea,Spain,1.0,3.0,False,FIFA World Cup,Udine,Italy,True,Spain,,South Korea
1990,1990-06-18,Argentina,Romania,1.0,1.0,False,FIFA World Cup,Naples,Italy,True,Draw,,Draw
1990,1990-06-18,Cameroon,Russia,0.0,4.0,False,FIFA World Cup,Bari,Italy,True,Russia,,Cameroon
1990,1990-06-19,Austria,United States,2.0,1.0,False,FIFA World Cup,Florence,Italy,True,Austria,,United States
1990,1990-06-19,Germany,Colombia,1.0,1.0,False,FIFA World Cup,Milan,Italy,True,Draw,,Draw
1990,1990-06-19,Italy,Czechoslovakia,2.0,0.0,False,FIFA World Cup,Rome,Italy,False,Italy,,Czechoslovakia
1990,1990-06-19,Yugoslavia,United Arab Emirates,4.0,1.0,False,FIFA World Cup,Bologna,Italy,True,Yugoslavia,,United Arab Emirates
1990,1990-06-20,Brazil,Scotland,1.0,0.0,False,FIFA World Cup,Turin,Italy,True,Brazil,,Scotland
1990,1990-06-20,Sweden,Costa Rica,1.0,2.0,False,FIFA World Cup,Genoa,Italy,True,Costa Rica,,Sweden
1990,1990-06-21,Belgium,Spain,1.0,2.0,False,FIFA World Cup,Verona,Italy,True,Spain,,Belgium
1990,1990-06-21,England,Egypt,1.0,0.0,False,FIFA World Cup,Cagliari,Italy,True,England,,Egypt
1990,1990-06-21,Republic of Ireland,Netherlands,1.0,1.0,False,FIFA World Cup,Palermo,Italy,True,Draw,,Draw
1990,1990-06-21,South Korea,Uruguay,0.0,1.0,False,FIFA World Cup,Udine,Italy,True,Uruguay,,South Korea
1990,1990-06-23,Cameroon,Colombia,2.0,1.0,False,FIFA World Cup,Naples,Italy,True,Cameroon,,Colombia
1990,1990-06-23,Czechoslovakia,Costa Rica,4.0,1.0,False,FIFA World Cup,Bari,Italy,True,Czechoslovakia,,Costa Rica
1990,1990-06-24,Brazil,Argentina,0.0,1.0,False,FIFA World Cup,Turin,Italy,True,Argentina,,Brazil
1990,1990-06-24,Germany,Netherlands,2.0,1.0,False,FIFA World Cup,Milan,Italy,True,Germany,,Netherlands
1990,1990-06-25,Republic of Ireland,Romania,0.0,0.0,True,FIFA World Cup,Genoa,Italy,True,Republic of Ireland,Romania,Romania
1990,1990-06-25,Italy,Uruguay,2.0,0.0,False,FIFA World Cup,Rome,Italy,False,Italy,,Uruguay
1990,1990-06-26,England,Belgium,1.0,0.0,False,FIFA World Cup,Bologna,Italy,True,England,,Belgium
1990,1990-06-26,Spain,Yugoslavia,1.0,2.0,False,FIFA World Cup,Verona,Italy,True,Yugoslavia,,Spain
1990,1990-06-30,Italy,Republic of Ireland,1.0,0.0,False,FIFA World Cup,Rome,Italy,False,Italy,,Republic of Ireland
1990,1990-06-30,Yugoslavia,Argentina,0.0,0.0,True,FIFA World Cup,Florence,Italy,True,Argentina,Argentina,Yugoslavia
1990,1990-07-01,Cameroon,England,2.0,3.0,False,FIFA World Cup,Naples,Italy,True,England,,Cameroon
1990,1990-07-01,Germany,Czechoslovakia,1.0,0.0,False,FIFA World Cup,Milan,Italy,True,Germany,,Czechoslovakia
1990,1990-07-03,Italy,Argentina,1.0,1.0,True,FIFA World Cup,Naples,Italy,False,Argentina,Italy,Italy
1990,1990-07-04,Germany,England,1.0,1.0,True,FIFA World Cup,Turin,Italy,True,Germany,England,England
1990,1990-07-07,Italy,England,2.0,1.0,False,FIFA World Cup,Bari,Italy,False,Italy,,England
1990,1990-07-08,Germany,Argentina,1.0,0.0,False,FIFA World Cup,Rome,Italy,True,Germany,,Argentina
1994,1994-06-17,Germany,Bolivia,1.0,0.0,False,FIFA World Cup,Chicago,United States,True,Germany,,Bolivia
1994,1994-06-17,Spain,South Korea,2.0,2.0,False,FIFA World Cup,Dallas,United States,True,Draw,,Draw
1994,1994-06-18,Colombia,Romania,1.0,3.0,False,FIFA World Cup,Pasadena,United States,True,Romania,,Colombia
1994,1994-06-18,Italy,Republic of Ireland,0.0,1.0,False,FIFA World Cup,East Rutherford,United States,True,Republic of Ireland,,Italy
1994,1994-06-18,United States,Switzerland,1.0,1.0,False,FIFA World Cup,Pontiac,United States,False,Draw,,Draw
1994,1994-06-19,Belgium,Morocco,1.0,0.0,False,FIFA World Cup,Orlando,United States,True,Belgium,,Morocco
1994,1994-06-19,Cameroon,Sweden,2.0,2.0,False,FIFA World Cup,Pasadena,United States,True,Draw,,Draw
1994,1994-06-19,Norway,Mexico,1.0,0.0,False,FIFA World Cup,Washington,United States,True,Norway,,Mexico
1994,1994-06-20,Brazil,Russia,2.0,0.0,False,FIFA World Cup,Palo Alto,United States,True,Brazil,,Russia
1994,1994-06-20,Netherlands,Saudi Arabia,2.0,1.0,False,FIFA World Cup,Washington,United States,True,Netherlands,,Saudi Arabia
1994,1994-06-21,Argentina,Greece,4.0,0.0,False,FIFA World Cup,Foxborough,United States,True,Argentina,,Greece
1994,1994-06-21,Germany,Spain,1.0,1.0,False,FIFA World Cup,Chicago,United States,True,Draw,,Draw
1994,1994-06-21,Nigeria,Bulgaria,3.0,0.0,False,FIFA World Cup,Dallas,United States,True,Nigeria,,Bulgaria
1994,1994-06-22,Romania,Switzerland,1.0,4.0,False,FIFA World Cup,Pontiac,United States,True,Switzerland,,Romania
1994,1994-06-22,United States,Colombia,2.0,1.0,False,FIFA World Cup,Pasadena,United States,False,United States,,Colombia
1994,1994-06-23,Italy,Norway,1.0,0.0,False,FIFA World Cup,East Rutherford,United States,True,Italy,,Norway
1994,1994-06-23,South Korea,Bolivia,0.0,0.0,False,FIFA World Cup,Foxborough,United States,True,Draw,,Draw
1994,1994-06-24,Brazil,Cameroon,3.0,0.0,False,FIFA World Cup,Palo Alto,United States,True,Brazil,,Cameroon
1994,1994-06-24,Mexico,Republic of Ireland,2.0,1.0,False,FIFA World Cup,Orlando,United States,True,Mexico,,Republic of Ireland
1994,1994-06-24,Sweden,Russia,3.0,1.0,False,FIFA World Cup,Pontiac,United States,True,Sweden,,Russia
1994,1994-06-25,Argentina,Nigeria,2.0,1.0,False,FIFA World Cup,Foxborough,United States,True,Argentina,,Nigeria
1994,1994-06-25,Belgium,Netherlands,1.0,0.0,False,FIFA World Cup,Orlando,United States,True,Belgium,,Netherlands
1994,1994-06-25,Saudi Arabia,Morocco,2.0,1.0,False,FIFA World Cup,East Rutherford,United States,True,Saudi Arabia,,Morocco
1994,1994-06-26,Bulgaria,Greece,4.0,0.0,False,FIFA World Cup,Chicago,United States,True,Bulgaria,,Greece
1994,1994-06-26,Switzerland,Colombia,0.0,2.0,False,FIFA World Cup,Palo Alto,United States,True,Colombia,,Switzerland
1994,1994-06-26,United States,Romania,0.0,1.0,False,FIFA World Cup,Pasadena,United States,False,Romania,,United States
1994,1994-06-27,Bolivia,Spain,1.0,3.0,False,FIFA World Cup,Chicago,United States,True,Spain,,Bolivia
1994,1994-06-27,Germany,South Korea,3.0,2.0,False,FIFA World Cup,Dallas,United States,True,Germany,,South Korea
1994,1994-06-28,Brazil,Sweden,1.0,1.0,False,FIFA World Cup,Pontiac,United States,True,Draw,,Draw
1994,1994-06-28,Republic of Ireland,Norway,0.0,0.0,False,FIFA World Cup,East Rutherford,United States,True,Draw,,Draw
1994,1994-06-28,Italy,Mexico,1.0,1.0,False,FIFA World Cup,Washington,United States,True,Draw,,Draw
1994,1994-06-28,Russia,Cameroon,6.0,1.0,False,FIFA World Cup,Palo Alto,United States,True,Russia,,Cameroon
1994,1994-06-29,Belgium,Saudi Arabia,0.0,1.0,False,FIFA World Cup,Washington,United States,True,Saudi Arabia,,Belgium
1994,1994-06-29,Morocco,Netherlands,1.0,2.0,False,FIFA World Cup,Orlando,United States,True,Netherlands,,Morocco
1994,1994-06-30,Argentina,Bulgaria,0.0,2.0,False,FIFA World Cup,Dallas,United States,True,Bulgaria,,Argentina
1994,1994-06-30,Greece,Nigeria,0.0,2.0,False,FIFA World Cup,Foxborough,United States,True,Nigeria,,Greece
1994,1994-07-02,Germany,Belgium,3.0,2.0,False,FIFA World Cup,Chicago,United States,True,Germany,,Belgium
1994,1994-07-02,Spain,Switzerland,3.0,0.0,False,FIFA World Cup,Washington,United States,True,Spain,,Switzerland
1994,1994-07-03,Romania,Argentina,3.0,2.0,False,FIFA World Cup,Pasadena,United States,True,Romania,,Argentina
1994,1994-07-03,Saudi Arabia,Sweden,1.0,3.0,False,FIFA World Cup,Dallas,United States,True,Sweden,,Saudi Arabia
1994,1994-07-04,Netherlands,Republic of Ireland,2.0,0.0,False,FIFA World Cup,Orlando,United States,True,Netherlands,,Republic of Ireland
1994,1994-07-04,United States,Brazil,0.0,1.0,False,FIFA World Cup,Palo Alto,United States,False,Brazil,,United States
1994,1994-07-05,Mexico,Bulgaria,1.0,1.0,True,FIFA World Cup,East Rutherford,United States,True,Bulgaria,Mexico,Mexico
1994,1994-07-05,Nigeria,Italy,1.0,2.0,False,FIFA World Cup,Foxborough,United States,True,Italy,,Nigeria
1994,1994-07-09,Italy,Spain,2.0,1.0,False,FIFA World Cup,Foxborough,United States,True,Italy,,Spain
1994,1994-07-09,Netherlands,Brazil,2.0,3.0,False,FIFA World Cup,Dallas,United States,True,Brazil,,Netherlands
1994,1994-07-10,Bulgaria,Germany,2.0,1.0,False,FIFA World Cup,East Rutherford,United States,True,Bulgaria,,Germany
1994,1994-07-10,Romania,Sweden,2.0,2.0,True,FIFA World Cup,Palo Alto,United States,True,Sweden,Sweden,Romania
1994,1994-07-13,Bulgaria,Italy,1.0,2.0,False,FIFA World Cup,East Rutherford,United States,True,Italy,,Bulgaria
1994,1994-07-13,Sweden,Brazil,0.0,1.0,False,FIFA World Cup,Pasadena,United States,True,Brazil,,Sweden
1994,1994-07-16,Sweden,Bulgaria,4.0,0.0,False,FIFA World Cup,Pasadena,United States,True,Sweden,,Bulgaria
1994,1994-07-17,Brazil,Italy,0.0,0.0,True,FIFA World Cup,Pasadena,United States,True,Brazil,Italy,Italy
1998,1998-06-10,Brazil,Scotland,2.0,1.0,False,FIFA World Cup,Saint-Denis,France,True,Brazil,,Scotland
1998,1998-06-10,Morocco,Norway,2.0,2.0,False,FIFA World Cup,Montpellier,France,True,Draw,,Draw
1998,1998-06-11,Cameroon,Austria,1.0,1.0,False,FIFA World Cup,Toulouse,France,True,Draw,,Draw
1998,1998-06-11,Italy,Chile,2.0,2.0,False,FIFA World Cup,Bordeaux,France,True,Draw,,Draw
1998,1998-06-12,France,South Africa,3.0,0.0,False,FIFA World Cup,Marseille,France,False,France,,South Africa
1998,1998-06-12,Paraguay,Bulgaria,0.0,0.0,False,FIFA World Cup,Montpellier,France,True,Draw,,Draw
1998,1998-06-12,Saudi Arabia,Denmark,0.0,1.0,False,FIFA World Cup,Lens,France,True,Denmark,,Saudi Arabia
1998,1998-06-13,South Korea,Mexico,1.0,3.0,False,FIFA World Cup,Lyon,France,True,Mexico,,South Korea
1998,1998-06-13,Netherlands,Belgium,0.0,0.0,False,FIFA World Cup,Saint-Denis,France,True,Draw,,Draw
1998,1998-06-13,Spain,Nigeria,2.0,3.0,False,FIFA World Cup,Nantes,France,True,Nigeria,,Spain
1998,1998-06-14,Argentina,Japan,1.0,0.0,False,FIFA World Cup,Toulouse,France,True,Argentina,,Japan
1998,1998-06-14,Jamaica,Croatia,1.0,3.0,False,FIFA World Cup,Lens,France,True,Croatia,,Jamaica
1998,1998-06-14,Serbia,Iran,1.0,0.0,False,FIFA World Cup,Saint-Étienne,France,True,Serbia,,Iran
1998,1998-06-15,England,Tunisia,2.0,0.0,False,FIFA World Cup,Marseille,France,True,England,,Tunisia
1998,1998-06-15,Germany,United States,2.0,0.0,False,FIFA World Cup,Paris,France,True,Germany,,United States
1998,1998-06-15,Romania,Colombia,1.0,0.0,False,FIFA World Cup,Lyon,France,True,Romania,,Colombia
1998,1998-06-16,Brazil,Morocco,3.0,0.0,False,FIFA World Cup,Nantes,France,True,Brazil,,Morocco
1998,1998-06-16,Scotland,Norway,1.0,1.0,False,FIFA World Cup,Bordeaux,France,True,Draw,,Draw
1998,1998-06-17,Chile,Austria,1.0,1.0,False,FIFA World Cup,Saint-Étienne,France,True,Draw,,Draw
1998,1998-06-17,Italy,Cameroon,3.0,0.0,False,FIFA World Cup,Montpellier,France,True,Italy,,Cameroon
1998,1998-06-18,France,Saudi Arabia,4.0,0.0,False,FIFA World Cup,Saint-Denis,France,False,France,,Saudi Arabia
1998,1998-06-18,South Africa,Denmark,1.0,1.0,False,FIFA World Cup,Toulouse,France,True,Draw,,Draw
1998,1998-06-19,Nigeria,Bulgaria,1.0,0.0,False,FIFA World Cup,Paris,France,True,Nigeria,,Bulgaria
1998,1998-06-19,Spain,Paraguay,0.0,0.0,False,FIFA World Cup,Saint-Étienne,France,True,Draw,,Draw
1998,1998-06-20,Belgium,Mexico,2.0,2.0,False,FIFA World Cup,Bordeaux,France,True,Draw,,Draw
1998,1998-06-20,Japan,Croatia,0.0,1.0,False,FIFA World Cup,Nantes,France,True,Croatia,,Japan
1998,1998-06-20,Netherlands,South Korea,5.0,0.0,False,FIFA World Cup,Marseille,France,True,Netherlands,,South Korea
1998,1998-06-21,Argentina,Jamaica,5.0,0.0,False,FIFA World Cup,Paris,France,True,Argentina,,Jamaica
1998,1998-06-21,Germany,Serbia,2.0,2.0,False,FIFA World Cup,Lens,France,True,Draw,,Draw
1998,1998-06-21,United States,Iran,1.0,2.0,False,FIFA World Cup,Lyon,France,True,Iran,,United States
1998,1998-06-22,Colombia,Tunisia,1.0,0.0,False,FIFA World Cup,Montpellier,France,True,Colombia,,Tunisia
1998,1998-06-22,Romania,England,2.0,1.0,False,FIFA World Cup,Toulouse,France,True,Romania,,England
1998,1998-06-23,Brazil,Norway,1.0,2.0,False,FIFA World Cup,Marseille,France,True,Norway,,Brazil
1998,1998-06-23,Chile,Cameroon,1.0,1.0,False,FIFA World Cup,Nantes,France,True,Draw,,Draw
1998,1998-06-23,Italy,Austria,2.0,1.0,False,FIFA World Cup,Saint-Denis,France,True,Italy,,Austria
1998,1998-06-23,Scotland,Morocco,0.0,3.0,False,FIFA World Cup,Saint-Étienne,France,True,Morocco,,Scotland
1998,1998-06-24,France,Denmark,2.0,1.0,False,FIFA World Cup,Lyon,France,False,France,,Denmark
1998,1998-06-24,Nigeria,Paraguay,1.0,3.0,False,FIFA World Cup,Toulouse,France,True,Paraguay,,Nigeria
1998,1998-06-24,South Africa,Saudi Arabia,2.0,2.0,False,FIFA World Cup,Bordeaux,France,True,Draw,,Draw
1998,1998-06-24,Spain,Bulgaria,6.0,1.0,False,FIFA World Cup,Lens,France,True,Spain,,Bulgaria
1998,1998-06-25,Belgium,South Korea,1.0,1.0,False,FIFA World Cup,Paris,France,True,Draw,,Draw
1998,1998-06-25,Germany,Iran,2.0,0.0,False,FIFA World Cup,Montpellier,France,True,Germany,,Iran
1998,1998-06-25,Netherlands,Mexico,2.0,2.0,False,FIFA World Cup,Saint-Étienne,France,True,Draw,,Draw
1998,1998-06-25,United States,Serbia,0.0,1.0,False,FIFA World Cup,Nantes,France,True,Serbia,,United States
1998,1998-06-26,Argentina,Croatia,1.0,0.0,False,FIFA World Cup,Bordeaux,France,True,Argentina,,Croatia
1998,1998-06-26,Colombia,England,0.0,2.0,False,FIFA World Cup,Lens,France,True,England,,Colombia
1998,1998-06-26,Japan,Jamaica,1.0,2.0,False,FIFA World Cup,Lyon,France,True,Jamaica,,Japan
1998,1998-06-26,Romania,Tunisia,1.0,1.0,False,FIFA World Cup,Saint-Denis,France,True,Draw,,Draw
1998,1998-06-27,Brazil,Chile,4.0,1.0,False,FIFA World Cup,Paris,France,True,Brazil,,Chile
1998,1998-06-27,Italy,Norway,1.0,0.0,False,FIFA World Cup,Marseille,France,True,Italy,,Norway
1998,1998-06-28,France,Paraguay,1.0,0.0,False,FIFA World Cup,Lens,France,False,France,,Paraguay
1998,1998-06-28,Nigeria,Denmark,1.0,4.0,False,FIFA World Cup,Saint-Denis,France,True,Denmark,,Nigeria
1998,1998-06-29,Germany,Mexico,2.0,1.0,False,FIFA World Cup,Montpellier,France,True,Germany,,Mexico
1998,1998-06-29,Netherlands,Serbia,2.0,1.0,False,FIFA World Cup,Toulouse,France,True,Netherlands,,Serbia
1998,1998-06-30,Argentina,England,2.0,2.0,True,FIFA World Cup,Saint-Étienne,France,True,Argentina,Argentina,England
1998,1998-06-30,Romania,Croatia,0.0,1.0,False,FIFA World Cup,Bordeaux,France,True,Croatia,,Romania
1998,1998-07-03,Brazil,Denmark,3.0,2.0,False,FIFA World Cup,Nantes,France,True,Brazil,,Denmark
1998,1998-07-03,France,Italy,0.0,0.0,True,FIFA World Cup,Saint-Denis,France,False,France,France,Italy
1998,1998-07-04,Germany,Croatia,0.0,3.0,False,FIFA World Cup,Lyon,France,True,Croatia,,Germany
1998,1998-07-04,Netherlands,Argentina,2.0,1.0,False,FIFA World Cup,Marseille,France,True,Netherlands,,Argentina
1998,1998-07-07,Brazil,Netherlands,1.0,1.0,True,FIFA World Cup,Marseille,France,True,Brazil,Brazil,Netherlands
1998,1998-07-08,France,Croatia,2.0,1.0,False,FIFA World Cup,Saint-Denis,France,False,France,,Croatia
1998,1998-07-11,Netherlands,Croatia,1.0,2.0,False,FIFA World Cup,Paris,France,True,Croatia,,Netherlands
1998,1998-07-12,France,Brazil,3.0,0.0,False,FIFA World Cup,Saint-Denis,France,False,France,,Brazil
2002,2002-05-31,France,Senegal,0.0,1.0,False,FIFA World Cup,Seoul,South Korea,True,Senegal,,France
2002,2002-06-01,Germany,Saudi Arabia,8.0,0.0,False,FIFA World Cup,Sapporo,Japan,True,Germany,,Saudi Arabia
2002,2002-06-01,Republic of Ireland,Cameroon,1.0,1.0,False,FIFA World Cup,Niigata,Japan,True,Draw,,Draw
2002,2002-06-01,Uruguay,Denmark,1.0,2.0,False,FIFA World Cup,Ulsan,South Korea,True,Denmark,,Uruguay
2002,2002-06-02,Argentina,Nigeria,1.0,0.0,False,FIFA World Cup,Kashima,Japan,True,Argentina,,Nigeria
2002,2002-06-02,England,Sweden,1.0,1.0,False,FIFA World Cup,Saitama,Japan,True,Draw,,Draw
2002,2002-06-02,Paraguay,South Africa,2.0,2.0,False,FIFA World Cup,Busan,South Korea,True,Draw,,Draw
2002,2002-06-02,Spain,Slovenia,3.0,1.0,False,FIFA World Cup,Gwangju,South Korea,True,Spain,,Slovenia
2002,2002-06-03,Brazil,Turkey,2.0,1.0,False,FIFA World Cup,Ulsan,South Korea,True,Brazil,,Turkey
2002,2002-06-03,Croatia,Mexico,0.0,1.0,False,FIFA World Cup,Niigata,Japan,True,Mexico,,Croatia
2002,2002-06-03,Italy,Ecuador,2.0,0.0,False,FIFA World Cup,Sapporo,Japan,True,Italy,,Ecuador
2002,2002-06-04,China PR,Costa Rica,0.0,2.0,False,FIFA World Cup,Gwangju,South Korea,True,Costa Rica,,China PR
2002,2002-06-04,Japan,Belgium,2.0,2.0,False,FIFA World Cup,Saitama,Japan,False,Draw,,Draw
2002,2002-06-04,South Korea,Poland,2.0,0.0,False,FIFA World Cup,Busan,South Korea,False,South Korea,,Poland
2002,2002-06-05,Germany,Republic of Ireland,1.0,1.0,False,FIFA World Cup,Kashima,Japan,True,Draw,,Draw
2002,2002-06-05,Russia,Tunisia,2.0,0.0,False,FIFA World Cup,Kobe,Japan,True,Russia,,Tunisia
2002,2002-06-05,United States,Portugal,3.0,2.0,False,FIFA World Cup,Suwon,South Korea,True,United States,,Portugal
2002,2002-06-06,Cameroon,Saudi Arabia,1.0,0.0,False,FIFA World Cup,Saitama,Japan,True,Cameroon,,Saudi Arabia
2002,2002-06-06,Denmark,Senegal,1.0,1.0,False,FIFA World Cup,Daegu,South Korea,True,Draw,,Draw
2002,2002-06-06,France,Uruguay,0.0,0.0,False,FIFA World Cup,Busan,South Korea,True,Draw,,Draw
2002,2002-06-07,Argentina,England,0.0,1.0,False,FIFA World Cup,Sapporo,Japan,True,England,,Argentina
2002,2002-06-07,Spain,Paraguay,3.0,1.0,False,FIFA World Cup,Jeonju,South Korea,True,Spain,,Paraguay
2002,2002-06-07,Sweden,Nigeria,2.0,1.0,False,FIFA World Cup,Kobe,Japan,True,Sweden,,Nigeria
2002,2002-06-08,Brazil,China PR,4.0,0.0,False,FIFA World Cup,Seogwipo,South Korea,True,Brazil,,China PR
2002,2002-06-08,Italy,Croatia,1.0,2.0,False,FIFA World Cup,Kashima,Japan,True,Croatia,,Italy
2002,2002-06-08,South Africa,Slovenia,1.0,0.0,False,FIFA World Cup,Daegu,South Korea,True,South Africa,,Slovenia
2002,2002-06-09,Costa Rica,Turkey,1.0,1.0,False,FIFA World Cup,Incheon,South Korea,True,Draw,,Draw
2002,2002-06-09,Japan,Russia,1.0,0.0,False,FIFA World Cup,Yokohama,Japan,False,Japan,,Russia
2002,2002-06-09,Mexico,Ecuador,2.0,1.0,False,FIFA World Cup,Rifu,Japan,True,Mexico,,Ecuador
2002,2002-06-10,South Korea,United States,1.0,1.0,False,FIFA World Cup,Daegu,South Korea,False,Draw,,Draw
2002,2002-06-10,Portugal,Poland,4.0,0.0,False,FIFA World Cup,Jeonju,South Korea,True,Portugal,,Poland
2002,2002-06-10,Tunisia,Belgium,1.0,1.0,False,FIFA World Cup,Ōita,Japan,True,Draw,,Draw
2002,2002-06-11,Cameroon,Germany,0.0,2.0,False,FIFA World Cup,Fukuroi,Japan,True,Germany,,Cameroon
2002,2002-06-11,Denmark,France,2.0,0.0,False,FIFA World Cup,Incheon,South Korea,True,Denmark,,France
2002,2002-06-11,Saudi Arabia,Republic of Ireland,0.0,3.0,False,FIFA World Cup,Yokohama,Japan,True,Republic of Ireland,,Saudi Arabia
2002,2002-06-11,Senegal,Uruguay,3.0,3.0,False,FIFA World Cup,Suwon,South Korea,True,Draw,,Draw
2002,2002-06-12,Nigeria,England,0.0,0.0,False,FIFA World Cup,Osaka,Japan,True,Draw,,Draw
2002,2002-06-12,Slovenia,Paraguay,1.0,3.0,False,FIFA World Cup,Seogwipo,South Korea,True,Paraguay,,Slovenia
2002,2002-06-12,South Africa,Spain,2.0,3.0,False,FIFA World Cup,Daejeon,South Korea,True,Spain,,South Africa
2002,2002-06-12,Sweden,Argentina,1.0,1.0,False,FIFA World Cup,Rifu,Japan,True,Draw,,Draw
2002,2002-06-13,Costa Rica,Brazil,2.0,5.0,False,FIFA World Cup,Suwon,South Korea,True,Brazil,,Costa Rica
2002,2002-06-13,Ecuador,Croatia,1.0,0.0,False,FIFA World Cup,Yokohama,Japan,True,Ecuador,,Croatia
2002,2002-06-13,Mexico,Italy,1.0,1.0,False,FIFA World Cup,Ōita,Japan,True,Draw,,Draw
2002,2002-06-13,Turkey,China PR,3.0,0.0,False,FIFA World Cup,Seoul,South Korea,True,Turkey,,China PR
2002,2002-06-14,Belgium,Russia,3.0,2.0,False,FIFA World Cup,Fukuroi,Japan,True,Belgium,,Russia
2002,2002-06-14,Japan,Tunisia,2.0,0.0,False,FIFA World Cup,Osaka,Japan,False,Japan,,Tunisia
2002,2002-06-14,South Korea,Portugal,1.0,0.0,False,FIFA World Cup,Incheon,South Korea,False,South Korea,,Portugal
2002,2002-06-14,Poland,United States,3.0,1.0,False,FIFA World Cup,Daejeon,South Korea,True,Poland,,United States
2002,2002-06-15,Denmark,England,0.0,3.0,False,FIFA World Cup,Niigata,Japan,True,England,,Denmark
2002,2002-06-15,Germany,Paraguay,1.0,0.0,False,FIFA World Cup,Seogwipo,South Korea,True,Germany,,Paraguay
2002,2002-06-16,Spain,Republic of Ireland,1.0,1.0,True,FIFA World Cup,Suwon,South Korea,True,Spain,Republic of Ireland,Republic of Ireland
2002,2002-06-16,Sweden,Senegal,1.0,2.0,False,FIFA World Cup,Ōita,Japan,True,Senegal,,Sweden
2002,2002-06-17,Brazil,Belgium,2.0,0.0,False,FIFA World Cup,Kobe,Japan,True,Brazil,,Belgium
2002,2002-06-17,Mexico,United States,0.0,2.0,False,FIFA World Cup,Jeonju,South Korea,True,United States,,Mexico
2002,2002-06-18,Japan,Turkey,0.0,1.0,False,FIFA World Cup,Rifu,Japan,False,Turkey,,Japan
2002,2002-06-18,South Korea,Italy,2.0,1.0,False,FIFA World Cup,Daejeon,South Korea,False,South Korea,,Italy
2002,2002-06-21,England,Brazil,1.0,2.0,False,FIFA World Cup,Fukuroi,Japan,True,Brazil,,England
2002,2002-06-21,Germany,United States,1.0,0.0,False,FIFA World Cup,Ulsan,South Korea,True,Germany,,United States
2002,2002-06-22,South Korea,Spain,0.0,0.0,True,FIFA World Cup,Gwangju,South Korea,False,South Korea,South Korea,Spain
2002,2002-06-22,Senegal,Turkey,0.0,1.0,False,FIFA World Cup,Osaka,Japan,True,Turkey,,Senegal
2002,2002-06-25,South Korea,Germany,0.0,1.0,False,FIFA World Cup,Seoul,South Korea,False,Germany,,South Korea
2002,2002-06-26,Brazil,Turkey,1.0,0.0,False,FIFA World Cup,Saitama,Japan,True,Brazil,,Turkey
2002,2002-06-29,South Korea,Turkey,2.0,3.0,False,FIFA World Cup,Daegu,South Korea,False,Turkey,,South Korea
2002,2002-06-30,Germany,Brazil,0.0,2.0,False,FIFA World Cup,Yokohama,Japan,True,Brazil,,Germany
2006,2006-06-09,Germany,Costa Rica,4.0,2.0,False,FIFA World Cup,Munich,Germany,False,Germany,,Costa Rica
2006,2006-06-09,Poland,Ecuador,0.0,2.0,False,FIFA World Cup,Gelsenkirchen,Germany,True,Ecuador,,Poland
2006,2006-06-10,Argentina,Ivory Coast,2.0,1.0,False,FIFA World Cup,Hamburg,Germany,True,Argentina,,Ivory Coast
2006,2006-06-10,England,Paraguay,1.0,0.0,False,FIFA World Cup,Frankfurt am Main,Germany,True,England,,Paraguay
2006,2006-06-10,Trinidad and Tobago,Sweden,0.0,0.0,False,FIFA World Cup,Dortmund,Germany,True,Draw,,Draw
2006,2006-06-11,Angola,Portugal,0.0,1.0,False,FIFA World Cup,Cologne,Germany,True,Portugal,,Angola
2006,2006-06-11,Mexico,Iran,3.0,1.0,False,FIFA World Cup,Nuremberg,Germany,True,Mexico,,Iran
2006,2006-06-11,Serbia,Netherlands,0.0,1.0,False,FIFA World Cup,Leipzig,Germany,True,Netherlands,,Serbia
2006,2006-06-12,Australia,Japan,3.0,1.0,False,FIFA World Cup,Kaiserslautern,Germany,True,Australia,,Japan
2006,2006-06-12,Italy,Ghana,2.0,0.0,False,FIFA World Cup,Hanover,Germany,True,Italy,,Ghana
2006,2006-06-12,United States,Czech Republic,0.0,3.0,False,FIFA World Cup,Gelsenkirchen,Germany,True,Czech Republic,,United States
2006,2006-06-13,Brazil,Croatia,1.0,0.0,False,FIFA World Cup,Berlin,Germany,True,Brazil,,Croatia
2006,2006-06-13,France,Switzerland,0.0,0.0,False,FIFA World Cup,Stuttgart,Germany,True,Draw,,Draw
2006,2006-06-13,South Korea,Togo,2.0,1.0,False,FIFA World Cup,Frankfurt am Main,Germany,True,South Korea,,Togo
2006,2006-06-14,Germany,Poland,1.0,0.0,False,FIFA World Cup,Dortmund,Germany,False,Germany,,Poland
2006,2006-06-14,Spain,Ukraine,4.0,0.0,False,FIFA World Cup,Leipzig,Germany,True,Spain,,Ukraine
2006,2006-06-14,Tunisia,Saudi Arabia,2.0,2.0,False,FIFA World Cup,Munich,Germany,True,Draw,,Draw
2006,2006-06-15,Ecuador,Costa Rica,3.0,0.0,False,FIFA World Cup,Hamburg,Germany,True,Ecuador,,Costa Rica
2006,2006-06-15,England,Trinidad and Tobago,2.0,0.0,False,FIFA World Cup,Nuremberg,Germany,True,England,,Trinidad and Tobago
2006,2006-06-15,Sweden,Paraguay,1.0,0.0,False,FIFA World Cup,Berlin,Germany,True,Sweden,,Paraguay
2006,2006-06-16,Argentina,Serbia,6.0,0.0,False,FIFA World Cup,Gelsenkirchen,Germany,True,Argentina,,Serbia
2006,2006-06-16,Mexico,Angola,0.0,0.0,False,FIFA World Cup,Hanover,Germany,True,Draw,,Draw
2006,2006-06-16,Netherlands,Ivory Coast,2.0,1.0,False,FIFA World Cup,Stuttgart,Germany,True,Netherlands,,Ivory Coast
2006,2006-06-17,Czech Republic,Ghana,0.0,2.0,False,FIFA World Cup,Cologne,Germany,True,Ghana,,Czech Republic
2006,2006-06-17,Italy,United States,1.0,1.0,False,FIFA World Cup,Kaiserslautern,Germany,True,Draw,,Draw
2006,2006-06-17,Portugal,Iran,2.0,0.0,False,FIFA World Cup,Frankfurt am Main,Germany,True,Portugal,,Iran
2006,2006-06-18,Brazil,Australia,2.0,0.0,False,FIFA World Cup,Munich,Germany,True,Brazil,,Australia
2006,2006-06-18,France,South Korea,1.0,1.0,False,FIFA World Cup,Leipzig,Germany,True,Draw,,Draw
2006,2006-06-18,Japan,Croatia,0.0,0.0,False,FIFA World Cup,Nuremberg,Germany,True,Draw,,Draw
2006,2006-06-19,Saudi Arabia,Ukraine,0.0,4.0,False,FIFA World Cup,Hamburg,Germany,True,Ukraine,,Saudi Arabia
2006,2006-06-19,Spain,Tunisia,3.0,1.0,False,FIFA World Cup,Stuttgart,Germany,True,Spain,,Tunisia
2006,2006-06-19,Togo,Switzerland,0.0,2.0,False,FIFA World Cup,Dortmund,Germany,True,Switzerland,,Togo
2006,2006-06-20,Costa Rica,Poland,1.0,2.0,False,FIFA World Cup,Hanover,Germany,True,Poland,,Costa Rica
2006,2006-06-20,Germany,Ecuador,3.0,0.0,False,FIFA World Cup,Berlin,Germany,False,Germany,,Ecuador
2006,2006-06-20,Paraguay,Trinidad and Tobago,2.0,0.0,False,FIFA World Cup,Kaiserslautern,Germany,True,Paraguay,,Trinidad and Tobago
2006,2006-06-20,Sweden,England,2.0,2.0,False,FIFA World Cup,Cologne,Germany,True,Draw,,Draw
2006,2006-06-21,Iran,Angola,1.0,1.0,False,FIFA World Cup,Leipzig,Germany,True,Draw,,Draw
2006,2006-06-21,Ivory Coast,Serbia,3.0,2.0,False,FIFA World Cup,Munich,Germany,True,Ivory Coast,,Serbia
2006,2006-06-21,Netherlands,Argentina,0.0,0.0,False,FIFA World Cup,Frankfurt am Main,Germany,True,Draw,,Draw
2006,2006-06-21,Portugal,Mexico,2.0,1.0,False,FIFA World Cup,Gelsenkirchen,Germany,True,Portugal,,Mexico
2006,2006-06-22,Croatia,Australia,2.0,2.0,False,FIFA World Cup,Stuttgart,Germany,True,Draw,,Draw
2006,2006-06-22,Czech Republic,Italy,0.0,2.0,False,FIFA World Cup,Hamburg,Germany,True,Italy,,Czech Republic
2006,2006-06-22,Ghana,United States,2.0,1.0,False,FIFA World Cup,Nuremberg,Germany,True,Ghana,,United States
2006,2006-06-22,Japan,Brazil,1.0,4.0,False,FIFA World Cup,Dortmund,Germany,True,Brazil,,Japan
2006,2006-06-23,Saudi Arabia,Spain,0.0,1.0,False,FIFA World Cup,Kaiserslautern,Germany,True,Spain,,Saudi Arabia
2006,2006-06-23,Switzerland,South Korea,2.0,0.0,False,FIFA World Cup,Hanover,Germany,True,Switzerland,,South Korea
2006,2006-06-23,Togo,France,0.0,2.0,False,FIFA World Cup,Cologne,Germany,True,France,,Togo
2006,2006-06-23,Ukraine,Tunisia,1.0,0.0,False,FIFA World Cup,Berlin,Germany,True,Ukraine,,Tunisia
2006,2006-06-24,Argentina,Mexico,2.0,1.0,False,FIFA World Cup,Leipzig,Germany,True,Argentina,,Mexico
2006,2006-06-24,Germany,Sweden,2.0,0.0,False,FIFA World Cup,Munich,Germany,False,Germany,,Sweden
2006,2006-06-25,England,Ecuador,1.0,0.0,False,FIFA World Cup,Stuttgart,Germany,True,England,,Ecuador
2006,2006-06-25,Portugal,Netherlands,1.0,0.0,False,FIFA World Cup,Nuremberg,Germany,True,Portugal,,Netherlands
2006,2006-06-26,Italy,Australia,1.0,0.0,False,FIFA World Cup,Kaiserslautern,Germany,True,Italy,,Australia
2006,2006-06-26,Switzerland,Ukraine,0.0,0.0,True,FIFA World Cup,Cologne,Germany,True,Ukraine,Ukraine,Switzerland
2006,2006-06-27,Brazil,Ghana,3.0,0.0,False,FIFA World Cup,Dortmund,Germany,True,Brazil,,Ghana
2006,2006-06-27,Spain,France,1.0,3.0,False,FIFA World Cup,Hanover,Germany,True,France,,Spain
2006,2006-06-30,Germany,Argentina,1.0,1.0,True,FIFA World Cup,Berlin,Germany,False,Germany,Germany,Argentina
2006,2006-06-30,Italy,Ukraine,3.0,0.0,False,FIFA World Cup,Hamburg,Germany,True,Italy,,Ukraine
2006,2006-07-01,Brazil,France,0.0,1.0,False,FIFA World Cup,Frankfurt am Main,Germany,True,France,,Brazil
2006,2006-07-01,England,Portugal,0.0,0.0,True,FIFA World Cup,Gelsenkirchen,Germany,True,Portugal,Portugal,England
2006,2006-07-04,Germany,Italy,0.0,2.0,False,FIFA World Cup,Dortmund,Germany,False,Italy,,Germany
2006,2006-07-05,Portugal,France,0.0,1.0,False,FIFA World Cup,Munich,Germany,True,France,,Portugal
2006,2006-07-08,Germany,Portugal,3.0,1.0,False,FIFA World Cup,Stuttgart,Germany,False,Germany,,Portugal
2006,2006-07-09,Italy,France,1.0,1.0,True,FIFA World Cup,Berlin,Germany,True,Italy,Italy,France
2010,2010-06-11,South Africa,Mexico,1.0,1.0,False,FIFA World Cup,Johannesburg,South Africa,False,Draw,,Draw
2010,2010-06-11,Uruguay,France,0.0,0.0,False,FIFA World Cup,Cape Town,South Africa,True,Draw,,Draw
2010,2010-06-12,Argentina,Nigeria,1.0,0.0,False,FIFA World Cup,Johannesburg,South Africa,True,Argentina,,Nigeria
2010,2010-06-12,England,United States,1.0,1.0,False,FIFA World Cup,Rustenburg,South Africa,True,Draw,,Draw
2010,2010-06-12,South Korea,Greece,2.0,0.0,False,FIFA World Cup,Port Elizabeth,South Africa,True,South Korea,,Greece
2010,2010-06-13,Algeria,Slovenia,0.0,1.0,False,FIFA World Cup,Polokwane,South Africa,True,Slovenia,,Algeria
2010,2010-06-13,Germany,Australia,4.0,0.0,False,FIFA World Cup,Durban,South Africa,True,Germany,,Australia
2010,2010-06-13,Serbia,Ghana,0.0,1.0,False,FIFA World Cup,Pretoria,South Africa,True,Ghana,,Serbia
2010,2010-06-14,Italy,Paraguay,1.0,1.0,False,FIFA World Cup,Cape Town,South Africa,True,Draw,,Draw
2010,2010-06-14,Japan,Cameroon,1.0,0.0,False,FIFA World Cup,Bloemfontein,South Africa,True,Japan,,Cameroon
2010,2010-06-14,Netherlands,Denmark,2.0,0.0,False,FIFA World Cup,Johannesburg,South Africa,True,Netherlands,,Denmark
2010,2010-06-15,Brazil,North Korea,2.0,1.0,False,FIFA World Cup,Johannesburg,South Africa,True,Brazil,,North Korea
2010,2010-06-15,Ivory Coast,Portugal,0.0,0.0,False,FIFA World Cup,Port Elizabeth,South Africa,True,Draw,,Draw
2010,2010-06-15,New Zealand,Slovakia,1.0,1.0,False,FIFA World Cup,Rustenburg,South Africa,True,Draw,,Draw
2010,2010-06-16,Honduras,Chile,0.0,1.0,False,FIFA World Cup,Nelspruit,South Africa,True,Chile,,Honduras
2010,2010-06-16,South Africa,Uruguay,0.0,3.0,False,FIFA World Cup,Pretoria,South Africa,False,Uruguay,,South Africa
2010,2010-06-16,Spain,Switzerland,0.0,1.0,False,FIFA World Cup,Durban,South Africa,True,Switzerland,,Spain
2010,2010-06-17,Argentina,South Korea,4.0,1.0,False,FIFA World Cup,Johannesburg,South Africa,True,Argentina,,South Korea
2010,2010-06-17,France,Mexico,0.0,2.0,False,FIFA World Cup,Polokwane,South Africa,True,Mexico,,France
2010,2010-06-17,Greece,Nigeria,2.0,1.0,False,FIFA World Cup,Bloemfontein,South Africa,True,Greece,,Nigeria
2010,2010-06-18,England,Algeria,0.0,0.0,False,FIFA World Cup,Cape Town,South Africa,True,Draw,,Draw
2010,2010-06-18,Germany,Serbia,0.0,1.0,False,FIFA World Cup,Port Elizabeth,South Africa,True,Serbia,,Germany
2010,2010-06-18,Slovenia,United States,2.0,2.0,False,FIFA World Cup,Johannesburg,South Africa,True,Draw,,Draw
2010,2010-06-19,Cameroon,Denmark,1.0,2.0,False,FIFA World Cup,Pretoria,South Africa,True,Denmark,,Cameroon
2010,2010-06-19,Ghana,Australia,1.0,1.0,False,FIFA World Cup,Rustenburg,South Africa,True,Draw,,Draw
2010,2010-06-19,Netherlands,Japan,1.0,0.0,False,FIFA World Cup,Durban,South Africa,True,Netherlands,,Japan
2010,2010-06-20,Brazil,Ivory Coast,3.0,1.0,False,FIFA World Cup,Johannesburg,South Africa,True,Brazil,,Ivory Coast
2010,2010-06-20,Italy,New Zealand,1.0,1.0,False,FIFA World Cup,Nelspruit,South Africa,True,Draw,,Draw
2010,2010-06-20,Slovakia,Paraguay,0.0,2.0,False,FIFA World Cup,Bloemfontein,South Africa,True,Paraguay,,Slovakia
2010,2010-06-21,Chile,Switzerland,1.0,0.0,False,FIFA World Cup,Port Elizabeth,South Africa,True,Chile,,Switzerland
2010,2010-06-21,Portugal,North Korea,7.0,0.0,False,FIFA World Cup,Cape Town,South Africa,True,Portugal,,North Korea
2010,2010-06-21,Spain,Honduras,2.0,0.0,False,FIFA World Cup,Johannesburg,South Africa,True,Spain,,Honduras
2010,2010-06-22,Greece,Argentina,0.0,2.0,False,FIFA World Cup,Polokwane,South Africa,True,Argentina,,Greece
2010,2010-06-22,Mexico,Uruguay,0.0,1.0,False,FIFA World Cup,Rustenburg,South Africa,True,Uruguay,,Mexico
2010,2010-06-22,Nigeria,South Korea,2.0,2.0,False,FIFA World Cup,Durban,South Africa,True,Draw,,Draw
2010,2010-06-22,South Africa,France,2.0,1.0,False,FIFA World Cup,Bloemfontein,South Africa,False,South Africa,,France
2010,2010-06-23,Australia,Serbia,2.0,1.0,False,FIFA World Cup,Nelspruit,South Africa,True,Australia,,Serbia
2010,2010-06-23,Ghana,Germany,0.0,1.0,False,FIFA World Cup,Johannesburg,South Africa,True,Germany,,Ghana
2010,2010-06-23,Slovenia,England,0.0,1.0,False,FIFA World Cup,Port Elizabeth,South Africa,True,England,,Slovenia
2010,2010-06-23,United States,Algeria,1.0,0.0,False,FIFA World Cup,Pretoria,South Africa,True,United States,,Algeria
2010,2010-06-24,Cameroon,Netherlands,1.0,2.0,False,FIFA World Cup,Cape Town,South Africa,True,Netherlands,,Cameroon
2010,2010-06-24,Denmark,Japan,1.0,3.0,False,FIFA World Cup,Rustenburg,South Africa,True,Japan,,Denmark
2010,2010-06-24,Paraguay,New Zealand,0.0,0.0,False,FIFA World Cup,Polokwane,South Africa,True,Draw,,Draw
2010,2010-06-24,Slovakia,Italy,3.0,2.0,False,FIFA World Cup,Johannesburg,South Africa,True,Slovakia,,Italy
2010,2010-06-25,Chile,Spain,1.0,2.0,False,FIFA World Cup,Pretoria,South Africa,True,Spain,,Chile
2010,2010-06-25,North Korea,Ivory Coast,0.0,3.0,False,FIFA World Cup,Nelspruit,South Africa,True,Ivory Coast,,North Korea
2010,2010-06-25,Portugal,Brazil,0.0,0.0,False,FIFA World Cup,Durban,South Africa,True,Draw,,Draw
2010,2010-06-25,Switzerland,Honduras,0.0,0.0,False,FIFA World Cup,Bloemfontein,South Africa,True,Draw,,Draw
2010,2010-06-26,Uruguay,South Korea,2.0,1.0,False,FIFA World Cup,Port Elizabeth,South Africa,True,Uruguay,,South Korea
2010,2010-06-26,United States,Ghana,1.0,2.0,False,FIFA World Cup,Rustenburg,South Africa,True,Ghana,,United States
2010,2010-06-27,Argentina,Mexico,3.0,1.0,False,FIFA World Cup,Johannesburg,South Africa,True,Argentina,,Mexico
2010,2010-06-27,Germany,England,4.0,1.0,False,FIFA World Cup,Bloemfontein,South Africa,True,Germany,,England
2010,2010-06-28,Brazil,Chile,3.0,0.0,False,FIFA World Cup,Johannesburg,South Africa,True,Brazil,,Chile
2010,2010-06-28,Netherlands,Slovakia,2.0,1.0,False,FIFA World Cup,Durban,South Africa,True,Netherlands,,Slovakia
2010,2010-06-29,Paraguay,Japan,0.0,0.0,True,FIFA World Cup,Pretoria,South Africa,True,Paraguay,Paraguay,Japan
2010,2010-06-29,Spain,Portugal,1.0,0.0,False,FIFA World Cup,Cape Town,South Africa,True,Spain,,Portugal
2010,2010-07-02,Netherlands,Brazil,2.0,1.0,False,FIFA World Cup,Port Elizabeth,South Africa,True,Netherlands,,Brazil
2010,2010-07-02,Uruguay,Ghana,1.0,1.0,True,FIFA World Cup,Johannesburg,South Africa,True,Uruguay,Uruguay,Ghana
2010,2010-07-03,Argentina,Germany,0.0,4.0,False,FIFA World Cup,Cape Town,South Africa,True,Germany,,Argentina
2010,2010-07-03,Paraguay,Spain,0.0,1.0,False,FIFA World Cup,Johannesburg,South Africa,True,Spain,,Paraguay
2010,2010-07-06,Uruguay,Netherlands,2.0,3.0,False,FIFA World Cup,Cape Town,South Africa,True,Netherlands,,Uruguay
2010,2010-07-07,Germany,Spain,0.0,1.0,False,FIFA World Cup,Durban,South Africa,True,Spain,,Germany
2010,2010-07-10,Uruguay,Germany,2.0,3.0,False,FIFA World Cup,Port Elizabeth,South Africa,True,Germany,,Uruguay
2010,2010-07-11,Netherlands,Spain,0.0,1.0,False,FIFA World Cup,Johannesburg,South Africa,True,Spain,,Netherlands
2014,2014-06-12,Brazil,Croatia,3.0,1.0,False,FIFA World Cup,São Paulo,Brazil,False,Brazil,,Croatia
2014,2014-06-13,Chile,Australia,3.0,1.0,False,FIFA World Cup,Cuiabá,Brazil,True,Chile,,Australia
2014,2014-06-13,Mexico,Cameroon,1.0,0.0,False,FIFA World Cup,Natal,Brazil,True,Mexico,,Cameroon
2014,2014-06-13,Spain,Netherlands,1.0,5.0,False,FIFA World Cup,Salvador,Brazil,True,Netherlands,,Spain
2014,2014-06-14,Colombia,Greece,3.0,0.0,False,FIFA World Cup,Belo Horizonte,Brazil,True,Colombia,,Greece
2014,2014-06-14,England,Italy,1.0,2.0,False,FIFA World Cup,Manaus,Brazil,True,Italy,,England
2014,2014-06-14,Ivory Coast,Japan,2.0,1.0,False,FIFA World Cup,Recife,Brazil,True,Ivory Coast,,Japan
2014,2014-06-14,Uruguay,Costa Rica,1.0,3.0,False,FIFA World Cup,Fortaleza,Brazil,True,Costa Rica,,Uruguay
2014,2014-06-15,Argentina,Bosnia and Herzegovina,2.0,1.0,False,FIFA World Cup,Rio de Janeiro,Brazil,True,Argentina,,Bosnia and Herzegovina
2014,2014-06-15,France,Honduras,3.0,0.0,False,FIFA World Cup,Porto Alegre,Brazil,True,France,,Honduras
2014,2014-06-15,Switzerland,Ecuador,2.0,1.0,False,FIFA World Cup,Brasília,Brazil,True,Switzerland,,Ecuador
2014,2014-06-16,Germany,Portugal,4.0,0.0,False,FIFA World Cup,Salvador,Brazil,True,Germany,,Portugal
2014,2014-06-16,Ghana,United States,1.0,2.0,False,FIFA World Cup,Natal,Brazil,True,United States,,Ghana
2014,2014-06-16,Iran,Nigeria,0.0,0.0,False,FIFA World Cup,Curitiba,Brazil,True,Draw,,Draw
2014,2014-06-17,Belgium,Algeria,2.0,1.0,False,FIFA World Cup,Belo Horizonte,Brazil,True,Belgium,,Algeria
2014,2014-06-17,Brazil,Mexico,0.0,0.0,False,FIFA World Cup,Fortaleza,Brazil,False,Draw,,Draw
2014,2014-06-17,Russia,South Korea,1.0,1.0,False,FIFA World Cup,Cuiabá,Brazil,True,Draw,,Draw
2014,2014-06-18,Australia,Netherlands,2.0,3.0,False,FIFA World Cup,Curitiba,Brazil,True,Netherlands,,Australia
2014,2014-06-18,Cameroon,Croatia,0.0,4.0,False,FIFA World Cup,Manaus,Brazil,True,Croatia,,Cameroon
2014,2014-06-18,Spain,Chile,0.0,2.0,False,FIFA World Cup,Rio de Janeiro,Brazil,True,Chile,,Spain
2014,2014-06-19,Colombia,Ivory Coast,2.0,1.0,False,FIFA World Cup,Brasília,Brazil,True,Colombia,,Ivory Coast
2014,2014-06-19,Japan,Greece,0.0,0.0,False,FIFA World Cup,Natal,Brazil,True,Draw,,Draw
2014,2014-06-19,Uruguay,England,2.0,1.0,False,FIFA World Cup,São Paulo,Brazil,True,Uruguay,,England
2014,2014-06-20,Honduras,Ecuador,1.0,2.0,False,FIFA World Cup,Curitiba,Brazil,True,Ecuador,,Honduras
2014,2014-06-20,Italy,Costa Rica,0.0,1.0,False,FIFA World Cup,Recife,Brazil,True,Costa Rica,,Italy
2014,2014-06-20,Switzerland,France,2.0,5.0,False,FIFA World Cup,Salvador,Brazil,True,France,,Switzerland
2014,2014-06-21,Argentina,Iran,1.0,0.0,False,FIFA World Cup,Belo Horizonte,Brazil,True,Argentina,,Iran
2014,2014-06-21,Germany,Ghana,2.0,2.0,False,FIFA World Cup,Fortaleza,Brazil,True,Draw,,Draw
2014,2014-06-21,Nigeria,Bosnia and Herzegovina,1.0,0.0,False,FIFA World Cup,Cuiabá,Brazil,True,Nigeria,,Bosnia and Herzegovina
2014,2014-06-22,Belgium,Russia,1.0,0.0,False,FIFA World Cup,Rio de Janeiro,Brazil,True,Belgium,,Russia
2014,2014-06-22,South Korea,Algeria,2.0,4.0,False,FIFA World Cup,Porto Alegre,Brazil,True,Algeria,,South Korea
2014,2014-06-22,United States,Portugal,2.0,2.0,False,FIFA World Cup,Manaus,Brazil,True,Draw,,Draw
2014,2014-06-23,Australia,Spain,0.0,3.0,False,FIFA World Cup,Curitiba,Brazil,True,Spain,,Australia
2014,2014-06-23,Brazil,Cameroon,4.0,1.0,False,FIFA World Cup,Brasília,Brazil,False,Brazil,,Cameroon
2014,2014-06-23,Croatia,Mexico,1.0,3.0,False,FIFA World Cup,Recife,Brazil,True,Mexico,,Croatia
2014,2014-06-23,Netherlands,Chile,2.0,0.0,False,FIFA World Cup,São Paulo,Brazil,True,Netherlands,,Chile
2014,2014-06-24,Costa Rica,England,0.0,0.0,False,FIFA World Cup,Belo Horizonte,Brazil,True,Draw,,Draw
2014,2014-06-24,Greece,Ivory Coast,2.0,1.0,False,FIFA World Cup,Fortaleza,Brazil,True,Greece,,Ivory Coast
2014,2014-06-24,Italy,Uruguay,0.0,1.0,False,FIFA World Cup,Natal,Brazil,True,Uruguay,,Italy
2014,2014-06-24,Japan,Colombia,1.0,4.0,False,FIFA World Cup,Cuiabá,Brazil,True,Colombia,,Japan
2014,2014-06-25,Bosnia and Herzegovina,Iran,3.0,1.0,False,FIFA World Cup,Salvador,Brazil,True,Bosnia and Herzegovina,,Iran
2014,2014-06-25,Ecuador,France,0.0,0.0,False,FIFA World Cup,Rio de Janeiro,Brazil,True,Draw,,Draw
2014,2014-06-25,Honduras,Switzerland,0.0,3.0,False,FIFA World Cup,Manaus,Brazil,True,Switzerland,,Honduras
2014,2014-06-25,Nigeria,Argentina,2.0,3.0,False,FIFA World Cup,Porto Alegre,Brazil,True,Argentina,,Nigeria
2014,2014-06-26,Algeria,Russia,1.0,1.0,False,FIFA World Cup,Curitiba,Brazil,True,Draw,,Draw
2014,2014-06-26,South Korea,Belgium,0.0,1.0,False,FIFA World Cup,São Paulo,Brazil,True,Belgium,,South Korea
2014,2014-06-26,Portugal,Ghana,2.0,1.0,False,FIFA World Cup,Brasília,Brazil,True,Portugal,,Ghana
2014,2014-06-26,United States,Germany,0.0,1.0,False,FIFA World Cup,Recife,Brazil,True,Germany,,United States
2014,2014-06-28,Brazil,Chile,1.0,1.0,True,FIFA World Cup,Belo Horizonte,Brazil,False,Brazil,Brazil,Chile
2014,2014-06-28,Colombia,Uruguay,2.0,0.0,False,FIFA World Cup,Rio de Janeiro,Brazil,True,Colombia,,Uruguay
2014,2014-06-29,Costa Rica,Greece,1.0,1.0,True,FIFA World Cup,Recife,Brazil,True,Costa Rica,Costa Rica,Greece
2014,2014-06-29,Netherlands,Mexico,2.0,1.0,False,FIFA World Cup,Fortaleza,Brazil,True,Netherlands,,Mexico
2014,2014-06-30,France,Nigeria,2.0,0.0,False,FIFA World Cup,Brasília,Brazil,True,France,,Nigeria
2014,2014-06-30,Germany,Algeria,2.0,1.0,False,FIFA World Cup,Porto Alegre,Brazil,True,Germany,,Algeria
2014,2014-07-01,Argentina,Switzerland,1.0,0.0,False,FIFA World Cup,São Paulo,Brazil,True,Argentina,,Switzerland
2014,2014-07-01,Belgium,United States,2.0,1.0,False,FIFA World Cup,Salvador,Brazil,True,Belgium,,United States
2014,2014-07-04,Brazil,Colombia,2.0,1.0,False,FIFA World Cup,Fortaleza,Brazil,False,Brazil,,Colombia
2014,2014-07-04,France,Germany,0.0,1.0,False,FIFA World Cup,Rio de Janeiro,Brazil,True,Germany,,France
2014,2014-07-05,Argentina,Belgium,1.0,0.0,False,FIFA World Cup,Brasília,Brazil,True,Argentina,,Belgium
2014,2014-07-05,Netherlands,Costa Rica,0.0,0.0,True,FIFA World Cup,Salvador,Brazil,True,Netherlands,Costa Rica,Costa Rica
2014,2014-07-08,Brazil,Germany,1.0,7.0,False,FIFA World Cup,Belo Horizonte,Brazil,False,Germany,,Brazil
2014,2014-07-09,Netherlands,Argentina,0.0,0.0,True,FIFA World Cup,São Paulo,Brazil,True,Argentina,Netherlands,Netherlands
2014,2014-07-12,Brazil,Netherlands,0.0,3.0,False,FIFA World Cup,Brasília,Brazil,False,Netherlands,,Brazil
2014,2014-07-13,Germany,Argentina,1.0,0.0,False,FIFA World Cup,Rio de Janeiro,Brazil,True,Germany,,Argentina
2018,2018-06-14,Russia,Saudi Arabia,5.0,0.0,False,FIFA World Cup,Moscow,Russia,False,Russia,,Saudi Arabia
2018,2018-06-15,Egypt,Uruguay,0.0,1.0,False,FIFA World Cup,Ekaterinburg,Russia,True,Uruguay,,Egypt
2018,2018-06-15,Morocco,Iran,0.0,1.0,False,FIFA World Cup,Saint Petersburg,Russia,True,Iran,,Morocco
2018,2018-06-15,Portugal,Spain,3.0,3.0,False,FIFA World Cup,Sochi,Russia,True,Draw,,Draw
2018,2018-06-16,France,Australia,2.0,1.0,False,FIFA World Cup,Kazan,Russia,True,France,,Australia
2018,2018-06-16,Argentina,Iceland,1.0,1.0,False,FIFA World Cup,Moscow,Russia,True,Draw,,Draw
2018,2018-06-16,Peru,Denmark,0.0,1.0,False,FIFA World Cup,Saransk,Russia,True,Denmark,,Peru
2018,2018-06-16,Croatia,Nigeria,2.0,0.0,False,FIFA World Cup,Kaliningrad,Russia,True,Croatia,,Nigeria
2018,2018-06-17,Costa Rica,Serbia,0.0,1.0,False,FIFA World Cup,Samara,Russia,True,Serbia,,Costa Rica
2018,2018-06-17,Germany,Mexico,0.0,1.0,False,FIFA World Cup,Moscow,Russia,True,Mexico,,Germany
2018,2018-06-17,Brazil,Switzerland,1.0,1.0,False,FIFA World Cup,Rostov-on-Don,Russia,True,Draw,,Draw
2018,2018-06-18,Sweden,South Korea,1.0,0.0,False,FIFA World Cup,Nizhny Novgorod,Russia,True,Sweden,,South Korea
2018,2018-06-18,Belgium,Panama,3.0,0.0,False,FIFA World Cup,Sochi,Russia,True,Belgium,,Panama
2018,2018-06-18,Tunisia,England,1.0,2.0,False,FIFA World Cup,Volgograd,Russia,True,England,,Tunisia
2018,2018-06-19,Colombia,Japan,1.0,2.0,False,FIFA World Cup,Saransk,Russia,True,Japan,,Colombia
2018,2018-06-19,Poland,Senegal,1.0,2.0,False,FIFA World Cup,Moscow,Russia,True,Senegal,,Poland
2018,2018-06-19,Russia,Egypt,3.0,1.0,False,FIFA World Cup,Saint Petersburg,Russia,False,Russia,,Egypt
2018,2018-06-20,Portugal,Morocco,1.0,0.0,False,FIFA World Cup,Moscow,Russia,True,Portugal,,Morocco
2018,2018-06-20,Uruguay,Saudi Arabia,1.0,0.0,False,FIFA World Cup,Rostov-on-Don,Russia,True,Uruguay,,Saudi Arabia
2018,2018-06-20,Iran,Spain,0.0,1.0,False,FIFA World Cup,Kazan,Russia,True,Spain,,Iran
2018,2018-06-21,Denmark,Australia,1.0,1.0,False,FIFA World Cup,Samara,Russia,True,Draw,,Draw
2018,2018-06-21,France,Peru,1.0,0.0,False,FIFA World Cup,Ekaterinburg,Russia,True,France,,Peru
2018,2018-06-21,Argentina,Croatia,0.0,3.0,False,FIFA World Cup,Nizhny Novgorod,Russia,True,Croatia,,Argentina
2018,2018-06-22,Brazil,Costa Rica,2.0,0.0,False,FIFA World Cup,Saint Petersburg,Russia,True,Brazil,,Costa Rica
2018,2018-06-22,Nigeria,Iceland,2.0,0.0,False,FIFA World Cup,Volgograd,Russia,True,Nigeria,,Iceland
2018,2018-06-22,Serbia,Switzerland,1.0,2.0,False,FIFA World Cup,Kaliningrad,Russia,True,Switzerland,,Serbia
2018,2018-06-23,Belgium,Tunisia,5.0,2.0,False,FIFA World Cup,Moscow,Russia,True,Belgium,,Tunisia
2018,2018-06-23,South Korea,Mexico,1.0,2.0,False,FIFA World Cup,Rostov-on-Don,Russia,True,Mexico,,South Korea
2018,2018-06-23,Germany,Sweden,2.0,1.0,False,FIFA World Cup,Sochi,Russia,True,Germany,,Sweden
2018,2018-06-24,England,Panama,6.0,1.0,False,FIFA World Cup,Nizhny Novgorod,Russia,True,England,,Panama
2018,2018-06-24,Japan,Senegal,2.0,2.0,False,FIFA World Cup,Ekaterinburg,Russia,True,Draw,,Draw
2018,2018-06-24,Poland,Colombia,0.0,3.0,False,FIFA World Cup,Kazan,Russia,True,Colombia,,Poland
2018,2018-06-25,Russia,Uruguay,0.0,3.0,False,FIFA World Cup,Samara,Russia,False,Uruguay,,Russia
2018,2018-06-25,Saudi Arabia,Egypt,2.0,1.0,False,FIFA World Cup,Volgograd,Russia,True,Saudi Arabia,,Egypt
2018,2018-06-25,Spain,Morocco,2.0,2.0,False,FIFA World Cup,Kaliningrad,Russia,True,Draw,,Draw
2018,2018-06-25,Iran,Portugal,1.0,1.0,False,FIFA World Cup,Saransk,Russia,True,Draw,,Draw
2018,2018-06-26,Australia,Peru,0.0,2.0,False,FIFA World Cup,Sochi,Russia,True,Peru,,Australia
2018,2018-06-26,Denmark,France,0.0,0.0,False,FIFA World Cup,Moscow,Russia,True,Draw,,Draw
2018,2018-06-26,Nigeria,Argentina,1.0,2.0,False,FIFA World Cup,Saint Petersburg,Russia,True,Argentina,,Nigeria
2018,2018-06-26,Iceland,Croatia,1.0,2.0,False,FIFA World Cup,Rostov-on-Don,Russia,True,Croatia,,Iceland
2018,2018-06-27,South Korea,Germany,2.0,0.0,False,FIFA World Cup,Kazan,Russia,True,South Korea,,Germany
2018,2018-06-27,Mexico,Sweden,0.0,3.0,False,FIFA World Cup,Ekaterinburg,Russia,True,Sweden,,Mexico
2018,2018-06-27,Serbia,Brazil,0.0,2.0,False,FIFA World Cup,Moscow,Russia,True,Brazil,,Serbia
2018,2018-06-27,Switzerland,Costa Rica,2.0,2.0,False,FIFA World Cup,Nizhny Novgorod,Russia,True,Draw,,Draw
2018,2018-06-28,Japan,Poland,0.0,1.0,False,FIFA World Cup,Volgograd,Russia,True,Poland,,Japan
2018,2018-06-28,Senegal,Colombia,0.0,1.0,False,FIFA World Cup,Samara,Russia,True,Colombia,,Senegal
2018,2018-06-28,Panama,Tunisia,1.0,2.0,False,FIFA World Cup,Saransk,Russia,True,Tunisia,,Panama
2018,2018-06-28,England,Belgium,0.0,1.0,False,FIFA World Cup,Kaliningrad,Russia,True,Belgium,,England
2018,2018-06-30,France,Argentina,4.0,3.0,False,FIFA World Cup,Kazan,Russia,True,France,,Argentina
2018,2018-06-30,Uruguay,Portugal,2.0,1.0,False,FIFA World Cup,Sochi,Russia,True,Uruguay,,Portugal
2018,2018-07-01,Russia,Spain,1.0,1.0,True,FIFA World Cup,Moscow,Russia,False,Russia,Spain,Spain
2018,2018-07-01,Croatia,Denmark,1.0,1.0,True,FIFA World Cup,Nizhny Novgorod,Russia,True,Croatia,Denmark,Denmark
2018,2018-07-02,Brazil,Mexico,2.0,0.0,False,FIFA World Cup,Samara,Russia,True,Brazil,,Mexico
2018,2018-07-02,Belgium,Japan,3.0,2.0,False,FIFA World Cup,Rostov-on-Don,Russia,True,Belgium,,Japan
2018,2018-07-03,Sweden,Switzerland,1.0,0.0,False,FIFA World Cup,Saint Petersburg,Russia,True,Sweden,,Switzerland
2018,2018-07-03,Colombia,England,1.0,1.0,True,FIFA World Cup,Moscow,Russia,True,England,Colombia,Colombia
2018,2018-07-06,Uruguay,France,0.0,2.0,False,FIFA World Cup,Nizhny Novgorod,Russia,True,France,,Uruguay
2018,2018-07-06,Brazil,Belgium,1.0,2.0,False,FIFA World Cup,Kazan,Russia,True,Belgium,,Brazil
2018,2018-07-07,Sweden,England,0.0,2.0,False,FIFA World Cup,Samara,Russia,True,England,,Sweden
2018,2018-07-07,Russia,Croatia,2.0,2.0,True,FIFA World Cup,Sochi,Russia,False,Croatia,Russia,Russia
2018,2018-07-10,France,Belgium,1.0,0.0,False,FIFA World Cup,Saint Petersburg,Russia,True,France,,Belgium
2018,2018-07-11,Croatia,England,2.0,1.0,False,FIFA World Cup,Moscow,Russia,True,Croatia,,England
2018,2018-07-14,Belgium,England,2.0,0.0,False,FIFA World Cup,Saint Petersburg,Russia,True,Belgium,,England
2018,2018-07-15,France,Croatia,4.0,2.0,False,FIFA World Cup,Moscow,Russia,True,France,,Croatia
2022,2022-11-20,Qatar,Ecuador,0.0,2.0,False,FIFA World Cup,Al Khor,Qatar,False,Ecuador,,Qatar
2022,2022-11-21,Senegal,Netherlands,0.0,2.0,False,FIFA World Cup,Doha,Qatar,True,Netherlands,,Senegal
2022,2022-11-21,England,Iran,6.0,2.0,False,FIFA World Cup,Al Rayyan,Qatar,True,England,,Iran
2022,2022-11-21,United States,Wales,1.0,1.0,False,FIFA World Cup,Al Rayyan,Qatar,True,Draw,,Draw
2022,2022-11-22,Argentina,Saudi Arabia,1.0,2.0,False,FIFA World Cup,Lusail,Qatar,True,Saudi Arabia,,Argentina
2022,2022-11-22,Mexico,Poland,0.0,0.0,False,FIFA World Cup,Doha,Qatar,True,Draw,,Draw
2022,2022-11-22,Denmark,Tunisia,0.0,0.0,False,FIFA World Cup,Al Rayyan,Qatar,True,Draw,,Draw
2022,2022-11-22,France,Australia,4.0,1.0,False,FIFA World Cup,Al Wakrah,Qatar,True,France,,Australia
2022,2022-11-23,Germany,Japan,1.0,2.0,False,FIFA World Cup,Al Rayyan,Qatar,True,Japan,,Germany
2022,2022-11-23,Spain,Costa Rica,7.0,0.0,False,FIFA World Cup,Doha,Qatar,True,Spain,,Costa Rica
2022,2022-11-23,Morocco,Croatia,0.0,0.0,False,FIFA World Cup,Al Khor,Qatar,True,Draw,,Draw
2022,2022-11-23,Belgium,Canada,1.0,0.0,False,FIFA World Cup,Al Rayyan,Qatar,True,Belgium,,Canada
2022,2022-11-24,Switzerland,Cameroon,1.0,0.0,False,FIFA World Cup,Al Wakrah,Qatar,True,Switzerland,,Cameroon
2022,2022-11-24,Brazil,Serbia,2.0,0.0,False,FIFA World Cup,Lusail,Qatar,True,Brazil,,Serbia
2022,2022-11-24,Uruguay,South Korea,0.0,0.0,False,FIFA World Cup,Al Rayyan,Qatar,True,Draw,,Draw
2022,2022-11-24,Portugal,Ghana,3.0,2.0,False,FIFA World Cup,Doha,Qatar,True,Portugal,,Ghana
2022,2022-11-25,Qatar,Senegal,1.0,3.0,False,FIFA World Cup,Doha,Qatar,False,Senegal,,Qatar
2022,2022-11-25,Netherlands,Ecuador,1.0,1.0,False,FIFA World Cup,Al Rayyan,Qatar,True,Draw,,Draw
2022,2022-11-25,Wales,Iran,0.0,2.0,False,FIFA World Cup,Al Rayyan,Qatar,True,Iran,,Wales
2022,2022-11-25,England,United States,0.0,0.0,False,FIFA World Cup,Al Khor,Qatar,True,Draw,,Draw
2022,2022-11-26,Poland,Saudi Arabia,2.0,0.0,False,FIFA World Cup,Al Rayyan,Qatar,True,Poland,,Saudi Arabia
2022,2022-11-26,Argentina,Mexico,2.0,0.0,False,FIFA World Cup,Lusail,Qatar,True,Argentina,,Mexico
2022,2022-11-26,Tunisia,Australia,0.0,1.0,False,FIFA World Cup,Al Wakrah,Qatar,True,Australia,,Tunisia
2022,2022-11-26,France,Denmark,2.0,1.0,False,FIFA World Cup,Doha,Qatar,True,France,,Denmark
2022,2022-11-27,Japan,Costa Rica,0.0,1.0,False,FIFA World Cup,Al Rayyan,Qatar,True,Costa Rica,,Japan
2022,2022-11-27,Spain,Germany,1.0,1.0,False,FIFA World Cup,Al Khor,Qatar,True,Draw,,Draw
2022,2022-11-27,Belgium,Morocco,0.0,2.0,False,FIFA World Cup,Doha,Qatar,True,Morocco,,Belgium
2022,2022-11-27,Croatia,Canada,4.0,1.0,False,FIFA World Cup,Al Rayyan,Qatar,True,Croatia,,Canada
2022,2022-11-28,Cameroon,Serbia,3.0,3.0,False,FIFA World Cup,Al Wakrah,Qatar,True,Draw,,Draw
2022,2022-11-28,Brazil,Switzerland,1.0,0.0,False,FIFA World Cup,Doha,Qatar,True,Brazil,,Switzerland
2022,2022-11-28,South Korea,Ghana,2.0,3.0,False,FIFA World Cup,Al Rayyan,Qatar,True,Ghana,,South Korea
2022,2022-11-28,Portugal,Uruguay,2.0,0.0,False,FIFA World Cup,Lusail,Qatar,True,Portugal,,Uruguay
2022,2022-11-29,Ecuador,Senegal,1.0,2.0,False,FIFA World Cup,Al Rayyan,Qatar,True,Senegal,,Ecuador
2022,2022-11-29,Qatar,Netherlands,0.0,2.0,False,FIFA World Cup,Al Khor,Qatar,False,Netherlands,,Qatar
2022,2022-11-29,Wales,England,0.0,3.0,False,FIFA World Cup,Al Rayyan,Qatar,True,England,,Wales
2022,2022-11-29,Iran,United States,0.0,1.0,False,FIFA World Cup,Doha,Qatar,True,United States,,Iran
2022,2022-11-30,Poland,Argentina,0.0,2.0,False,FIFA World Cup,Doha,Qatar,True,Argentina,,Poland
2022,2022-11-30,Saudi Arabia,Mexico,1.0,2.0,False,FIFA World Cup,Lusail,Qatar,True,Mexico,,Saudi Arabia
2022,2022-11-30,Australia,Denmark,1.0,0.0,False,FIFA World Cup,Al Wakrah,Qatar,True,Australia,,Denmark
2022,2022-11-30,Tunisia,France,1.0,0.0,False,FIFA World Cup,Al Rayyan,Qatar,True,Tunisia,,France
2022,2022-12-01,Japan,Spain,2.0,1.0,False,FIFA World Cup,Al Rayyan,Qatar,True,Japan,,Spain
2022,2022-12-01,Costa Rica,Germany,2.0,4.0,False,FIFA World Cup,Al Khor,Qatar,True,Germany,,Costa Rica
2022,2022-12-01,Croatia,Belgium,0.0,0.0,False,FIFA World Cup,Al Rayyan,Qatar,True,Draw,,Draw
2022,2022-12-01,Canada,Morocco,1.0,2.0,False,FIFA World Cup,Doha,Qatar,True,Morocco,,Canada
2022,2022-12-02,Serbia,Switzerland,2.0,3.0,False,FIFA World Cup,Doha,Qatar,True,Switzerland,,Serbia
2022,2022-12-02,Cameroon,Brazil,1.0,0.0,False,FIFA World Cup,Lusail,Qatar,True,Cameroon,,Brazil
2022,2022-12-02,Ghana,Uruguay,0.0,2.0,False,FIFA World Cup,Al Wakrah,Qatar,True,Uruguay,,Ghana
2022,2022-12-02,South Korea,Portugal,2.0,1.0,False,FIFA World Cup,Al Rayyan,Qatar,True,South Korea,,Portugal
2022,2022-12-03,Netherlands,United States,3.0,1.0,False,FIFA World Cup,Al Rayyan,Qatar,True,Netherlands,,United States
2022,2022-12-03,Argentina,Australia,2.0,1.0,False,FIFA World Cup,Al Rayyan,Qatar,True,Argentina,,Australia
2022,2022-12-04,France,Poland,3.0,1.0,False,FIFA World Cup,Doha,Qatar,True,France,,Poland
2022,2022-12-04,England,Senegal,3.0,0.0,False,FIFA World Cup,Al Khor,Qatar,True,England,,Senegal
2022,2022-12-05,Japan,Croatia,1.0,1.0,True,FIFA World Cup,Al Wakrah,Qatar,True,Croatia,Japan,Japan
2022,2022-12-05,Brazil,South Korea,4.0,1.0,False,FIFA World Cup,Doha,Qatar,True,Brazil,,South Korea
2022,2022-12-06,Morocco,Spain,0.0,0.0,True,FIFA World Cup,Al Rayyan,Qatar,True,Morocco,Morocco,Spain
2022,2022-12-06,Portugal,Switzerland,6.0,1.0,False,FIFA World Cup,Lusail,Qatar,True,Portugal,,Switzerland
2022,2022-12-09,Croatia,Brazil,1.0,1.0,True,FIFA World Cup,Al Rayyan,Qatar,True,Croatia,Croatia,Brazil
2022,2022-12-09,Netherlands,Argentina,2.0,2.0,True,FIFA World Cup,Lusail,Qatar,True,Argentina,Netherlands,Netherlands
2022,2022-12-10,Morocco,Portugal,1.0,0.0,False,FIFA World Cup,Doha,Qatar,True,Morocco,,Portugal
2022,2022-12-10,England,France,1.0,2.0,False,FIFA World Cup,Al Khor,Qatar,True,France,,England
2022,2022-12-13,Argentina,Croatia,3.0,0.0,False,FIFA World Cup,Lusail,Qatar,True,Argentina,,Croatia
2022,2022-12-14,France,Morocco,2.0,0.0,False,FIFA World Cup,Al Khor,Qatar,True,France,,Morocco
2022,2022-12-17,Croatia,Morocco,2.0,1.0,False,FIFA World Cup,Al Rayyan,Qatar,True,Croatia,,Morocco
2022,2022-12-18,Argentina,France,3.0,3.0,True,FIFA World Cup,Lusail,Qatar,True,Argentina,France,France
